id_socio,genero,edad,grupo_edad,vive_cerca,tiene_pareja_socia
1001,Hombre,29,26-30,1,1
1002,Mujer,31,31-35,1,0
1003,Mujer,28,26-30,1,1
1004,Mujer,33,31-35,1,1
1005,Hombre,26,26-30,1,1
1006,Hombre,34,31-35,1,0
1007,Hombre,32,31-35,1,1
1008,Mujer,30,26-30,1,0
1009,Hombre,23,18-25,1,1
1010,Mujer,31,31-35,1,0
1011,Mujer,32,31-35,1,0
1012,Hombre,27,26-30,1,1
1013,Mujer,33,31-35,1,1
1014,Hombre,27,26-30,1,0
1015,Mujer,35,31-35,1,0
1016,Mujer,29,26-30,1,1
1017,Mujer,31,31-35,1,1
1018,Mujer,29,26-30,1,0
1019,Mujer,30,26-30,1,0
1020,Hombre,29,26-30,1,1
1021,Hombre,29,26-30,1,0
1022,Mujer,30,26-30,0,0
1023,Hombre,29,26-30,1,0
1024,Hombre,32,31-35,1,0
1025,Mujer,27,26-30,1,0
1026,Mujer,29,26-30,0,0
1027,Mujer,29,26-30,1,1
1028,Hombre,27,26-30,1,0
1029,Mujer,28,26-30,1,0
1030,Mujer,27,26-30,1,1
1031,Mujer,32,31-35,1,1
1032,Mujer,32,31-35,1,0
1033,Mujer,32,31-35,1,0
1034,Mujer,29,26-30,1,1
1035,Mujer,26,26-30,1,0
1036,Mujer,33,31-35,1,0
1037,Mujer,34,31-35,1,0
1038,Hombre,32,31-35,1,0
1039,Hombre,25,18-25,1,1
1040,Hombre,35,31-35,1,0
1041,Mujer,33,31-35,1,1
1042,Mujer,25,18-25,1,1
1043,Mujer,36,36-41,1,0
1044,Mujer,30,26-30,1,1
1045,Hombre,29,26-30,1,1
1046,Hombre,29,26-30,1,1
1047,Hombre,26,26-30,1,0
1048,Hombre,33,31-35,1,1
1049,Hombre,25,18-25,1,0
1050,Mujer,27,26-30,1,0
1051,Hombre,33,31-35,1,0
1052,Hombre,29,26-30,0,1
1053,Hombre,30,26-30,1,0
1054,Mujer,24,18-25,1,0
1055,Mujer,23,18-25,1,0
1056,Mujer,30,26-30,1,1
1057,Hombre,30,26-30,1,0
1058,Mujer,27,26-30,1,0
1059,Hombre,28,26-30,1,1
1060,Hombre,34,31-35,1,1
1061,Mujer,28,26-30,1,1
1062,Mujer,32,31-35,1,1
1063,Mujer,34,31-35,1,1
1064,Hombre,28,26-30,1,0
1065,Mujer,30,26-30,1,1
1066,Hombre,31,31-35,1,1
1067,Mujer,28,26-30,1,0
1068,Hombre,30,26-30,1,0
1069,Mujer,27,26-30,1,0
1070,Hombre,27,26-30,1,0
1071,Hombre,27,26-30,1,1
1072,Mujer,26,26-30,1,1
1073,Hombre,29,26-30,1,1
1074,Mujer,24,18-25,1,0
1075,Hombre,24,18-25,1,0
1076,Hombre,30,26-30,0,0
1077,Hombre,30,26-30,0,0
1078,Hombre,32,31-35,1,0
1079,Mujer,30,26-30,1,1
1080,Mujer,25,18-25,0,0
1081,Hombre,28,26-30,1,1
1082,Hombre,26,26-30,1,1
1083,Mujer,24,18-25,1,0
1084,Hombre,23,18-25,1,0
1085,Mujer,28,26-30,1,1
1086,Hombre,25,18-25,1,1
1087,Hombre,30,26-30,1,1
1088,Mujer,28,26-30,1,0
1089,Mujer,26,26-30,1,0
1090,Hombre,27,26-30,0,1
1091,Hombre,26,26-30,1,1
1092,Hombre,28,26-30,0,0
1093,Mujer,28,26-30,1,1
1094,Mujer,31,31-35,1,1
1095,Mujer,21,18-25,1,0
1096,Hombre,25,18-25,1,0
1097,Hombre,30,26-30,1,1
1098,Hombre,31,31-35,1,1
1099,Hombre,26,26-30,1,0
1100,Hombre,26,26-30,1,0
1101,Hombre,25,18-25,1,0
1102,Mujer,29,26-30,1,0
1103,Mujer,33,31-35,1,1
1104,Mujer,26,26-30,1,1
1105,Mujer,31,31-35,1,0
1106,Hombre,23,18-25,0,0
1107,Hombre,28,26-30,1,0
1108,Mujer,34,31-35,1,1
1109,Mujer,30,26-30,0,0
1110,Mujer,29,26-30,1,1
1111,Mujer,27,26-30,1,0
1112,Hombre,25,18-25,1,0
1113,Mujer,29,26-30,1,1
1114,Hombre,29,26-30,1,1
1115,Mujer,32,31-35,1,1
1116,Hombre,31,31-35,1,1
1117,Hombre,33,31-35,1,1
1118,Mujer,23,18-25,0,0
1119,Hombre,32,31-35,0,0
1120,Mujer,30,26-30,1,0
1121,Hombre,31,31-35,0,1
1122,Mujer,25,18-25,1,1
1123,Hombre,32,31-35,1,0
1124,Mujer,29,26-30,0,0
1125,Hombre,28,26-30,0,1
1126,Hombre,34,31-35,1,0
1127,Hombre,33,31-35,0,1
1128,Mujer,25,18-25,0,0
1129,Hombre,29,26-30,0,1
1130,Mujer,28,26-30,1,0
1131,Hombre,28,26-30,1,1
1132,Hombre,32,31-35,1,1
1133,Mujer,34,31-35,1,0
1134,Mujer,27,26-30,1,0
1135,Hombre,26,26-30,1,0
1136,Hombre,33,31-35,0,0
1137,Hombre,32,31-35,1,0
1138,Mujer,28,26-30,1,0
1139,Mujer,29,26-30,1,1
1140,Hombre,35,31-35,1,1
1141,Mujer,25,18-25,1,0
1142,Hombre,30,26-30,1,0
1143,Hombre,29,26-30,0,1
1144,Hombre,37,36-41,1,1
1145,Hombre,36,36-41,1,0
1146,Mujer,22,18-25,0,1
1147,Hombre,32,31-35,1,0
1148,Hombre,32,31-35,0,0
1149,Mujer,30,26-30,0,1
1150,Hombre,29,26-30,1,1
1151,Mujer,30,26-30,1,1
1152,Hombre,28,26-30,1,0
1153,Hombre,32,31-35,1,1
1154,Hombre,31,31-35,1,0
1155,Mujer,26,26-30,1,1
1156,Hombre,30,26-30,1,0
1157,Mujer,26,26-30,1,1
1158,Hombre,26,26-30,1,1
1159,Mujer,29,26-30,1,0
1160,Hombre,30,26-30,1,1
1161,Hombre,22,18-25,0,0
1162,Mujer,23,18-25,1,1
1163,Hombre,31,31-35,0,0
1164,Hombre,32,31-35,1,0
1165,Mujer,34,31-35,1,1
1166,Hombre,31,31-35,1,0
1167,Mujer,29,26-30,1,0
1168,Hombre,27,26-30,1,1
1169,Hombre,26,26-30,1,1
1170,Hombre,29,26-30,1,0
1171,Mujer,29,26-30,1,1
1172,Hombre,29,26-30,1,0
1173,Hombre,35,31-35,1,0
1174,Mujer,29,26-30,1,0
1175,Mujer,27,26-30,1,0
1176,Hombre,30,26-30,1,1
1177,Mujer,31,31-35,1,1
1178,Hombre,27,26-30,1,0
1179,Hombre,29,26-30,1,0
1180,Hombre,31,31-35,1,0
1181,Mujer,30,26-30,1,1
1182,Mujer,33,31-35,1,0
1183,Mujer,28,26-30,0,0
1184,Hombre,33,31-35,1,0
1185,Mujer,30,26-30,0,0
1186,Hombre,29,26-30,0,1
1187,Hombre,32,31-35,1,0
1188,Mujer,27,26-30,1,1
1189,Mujer,27,26-30,1,0
1190,Mujer,30,26-30,1,0
1191,Mujer,29,26-30,1,0
1192,Mujer,26,26-30,1,1
1193,Hombre,30,26-30,1,1
1194,Mujer,33,31-35,0,1
1195,Hombre,29,26-30,0,1
1196,Mujer,29,26-30,1,0
1197,Hombre,33,31-35,1,1
1198,Hombre,27,26-30,1,0
1199,Mujer,27,26-30,1,1
1200,Mujer,32,31-35,1,0
1201,Mujer,34,31-35,1,1
1202,Hombre,25,18-25,1,0
1203,Hombre,30,26-30,1,1
1204,Mujer,31,31-35,1,1
1205,Hombre,32,31-35,1,1
1206,Mujer,29,26-30,1,1
1207,Mujer,29,26-30,1,1
1208,Hombre,31,31-35,1,1
1209,Hombre,23,18-25,1,0
1210,Mujer,32,31-35,1,0
1211,Mujer,26,26-30,0,0
1212,Hombre,25,18-25,1,0
1213,Mujer,31,31-35,1,0
1214,Mujer,31,31-35,1,1
1215,Mujer,25,18-25,1,1
1216,Hombre,27,26-30,1,0
1217,Mujer,30,26-30,1,1
1218,Hombre,31,31-35,1,0
1219,Hombre,34,31-35,1,0
1220,Hombre,24,18-25,0,1
1221,Hombre,31,31-35,1,1
1222,Hombre,27,26-30,1,0
1223,Mujer,25,18-25,1,0
1224,Mujer,31,31-35,1,1
1225,Hombre,34,31-35,1,1
1226,Hombre,33,31-35,1,0
1227,Hombre,32,31-35,1,1
1228,Mujer,30,26-30,0,0
1229,Hombre,23,18-25,1,0
1230,Hombre,36,36-41,1,0
1231,Mujer,33,31-35,1,0
1232,Mujer,21,18-25,1,1
1233,Mujer,26,26-30,1,0
1234,Hombre,29,26-30,1,1
1235,Mujer,36,36-41,1,0
1236,Mujer,30,26-30,1,0
1237,Hombre,32,31-35,1,1
1238,Mujer,27,26-30,1,0
1239,Mujer,30,26-30,1,1
1240,Hombre,31,31-35,1,1
1241,Hombre,28,26-30,0,1
1242,Mujer,27,26-30,0,0
1243,Mujer,30,26-30,1,0
1244,Mujer,26,26-30,1,1
1245,Hombre,28,26-30,1,0
1246,Mujer,26,26-30,1,1
1247,Mujer,30,26-30,1,1
1248,Mujer,26,26-30,0,0
1249,Hombre,30,26-30,0,1
1250,Mujer,32,31-35,1,0
1251,Mujer,32,31-35,1,0
1252,Mujer,34,31-35,1,0
1253,Mujer,32,31-35,1,0
1254,Mujer,37,36-41,1,0
1255,Hombre,27,26-30,0,0
1256,Mujer,31,31-35,1,0
1257,Hombre,33,31-35,1,1
1258,Hombre,32,31-35,1,0
1259,Mujer,29,26-30,1,1
1260,Hombre,30,26-30,1,1
1261,Hombre,30,26-30,0,0
1262,Mujer,28,26-30,1,0
1263,Mujer,31,31-35,1,0
1264,Hombre,29,26-30,1,1
1265,Hombre,37,36-41,1,0
1266,Hombre,27,26-30,1,0
1267,Mujer,32,31-35,0,0
1268,Hombre,27,26-30,1,1
1269,Mujer,30,26-30,1,0
1270,Mujer,31,31-35,1,1
1271,Mujer,31,31-35,1,1
1272,Hombre,33,31-35,1,1
1273,Hombre,29,26-30,0,0
1274,Mujer,28,26-30,1,1
1275,Mujer,30,26-30,1,1
1276,Hombre,36,36-41,0,1
1277,Mujer,30,26-30,1,0
1278,Mujer,35,31-35,1,1
1279,Hombre,31,31-35,1,1
1280,Mujer,29,26-30,1,1
1281,Hombre,25,18-25,1,0
1282,Mujer,29,26-30,1,0
1283,Hombre,24,18-25,1,0
1284,Hombre,30,26-30,0,0
1285,Hombre,30,26-30,1,1
1286,Mujer,28,26-30,1,0
1287,Mujer,33,31-35,1,1
1288,Mujer,27,26-30,1,1
1289,Hombre,28,26-30,1,0
1290,Mujer,30,26-30,0,0
1291,Mujer,30,26-30,1,0
1292,Hombre,24,18-25,1,0
1293,Hombre,28,26-30,1,0
1294,Mujer,31,31-35,1,0
1295,Mujer,28,26-30,1,0
1296,Mujer,31,31-35,0,0
1297,Hombre,30,26-30,1,1
1298,Mujer,31,31-35,0,1
1299,Hombre,28,26-30,1,0
1300,Hombre,24,18-25,1,1
1301,Mujer,31,31-35,1,1
1302,Mujer,33,31-35,1,1
1303,Hombre,34,31-35,1,0
1304,Mujer,25,18-25,1,1
1305,Hombre,33,31-35,1,0
1306,Hombre,28,26-30,1,1
1307,Mujer,32,31-35,1,0
1308,Hombre,30,26-30,1,0
1309,Hombre,29,26-30,0,1
1310,Hombre,33,31-35,1,1
1311,Mujer,29,26-30,1,1
1312,Hombre,32,31-35,1,1
1313,Hombre,30,26-30,1,1
1314,Hombre,26,26-30,1,1
1315,Mujer,27,26-30,1,1
1316,Hombre,35,31-35,1,1
1317,Hombre,23,18-25,1,1
1318,Mujer,28,26-30,1,0
1319,Mujer,34,31-35,1,1
1320,Hombre,33,31-35,1,1
1321,Mujer,35,31-35,1,0
1322,Hombre,27,26-30,1,0
1323,Mujer,25,18-25,1,1
1324,Hombre,30,26-30,1,1
1325,Hombre,30,26-30,0,0
1326,Mujer,30,26-30,1,1
1327,Hombre,27,26-30,0,0
1328,Hombre,30,26-30,1,0
1329,Mujer,25,18-25,0,0
1330,Hombre,27,26-30,1,0
1331,Mujer,24,18-25,1,0
1332,Mujer,32,31-35,1,1
1333,Mujer,32,31-35,1,1
1334,Mujer,33,31-35,0,1
1335,Mujer,25,18-25,1,0
1336,Mujer,27,26-30,1,1
1337,Mujer,30,26-30,0,1
1338,Hombre,32,31-35,1,1
1339,Mujer,25,18-25,1,0
1340,Hombre,33,31-35,1,1
1341,Hombre,29,26-30,1,0
1342,Hombre,31,31-35,1,1
1343,Hombre,26,26-30,1,0
1344,Mujer,30,26-30,1,1
1345,Mujer,21,18-25,1,0
1346,Hombre,28,26-30,1,1
1347,Mujer,33,31-35,1,1
1348,Mujer,33,31-35,0,1
1349,Mujer,28,26-30,0,0
1350,Hombre,30,26-30,0,0
1351,Hombre,32,31-35,1,1
1352,Hombre,31,31-35,1,0
1353,Hombre,28,26-30,0,0
1354,Mujer,29,26-30,1,1
1355,Mujer,31,31-35,1,1
1356,Mujer,30,26-30,1,1
1357,Mujer,24,18-25,1,0
1358,Hombre,31,31-35,1,0
1359,Mujer,27,26-30,1,0
1360,Mujer,25,18-25,1,0
1361,Mujer,33,31-35,1,0
1362,Hombre,29,26-30,1,1
1363,Mujer,31,31-35,1,0
1364,Hombre,28,26-30,1,1
1365,Hombre,30,26-30,1,1
1366,Hombre,25,18-25,1,1
1367,Hombre,23,18-25,1,1
1368,Hombre,33,31-35,1,1
1369,Mujer,31,31-35,1,0
1370,Hombre,34,31-35,1,0
1371,Hombre,30,26-30,1,1
1372,Mujer,25,18-25,1,0
1373,Mujer,27,26-30,1,1
1374,Hombre,28,26-30,1,1
1375,Hombre,31,31-35,1,0
1376,Hombre,32,31-35,1,1
1377,Mujer,19,18-25,1,0
1378,Mujer,30,26-30,1,0
1379,Hombre,25,18-25,1,1
1380,Hombre,31,31-35,1,1
1381,Hombre,34,31-35,1,1
1382,Hombre,24,18-25,1,1
1383,Hombre,33,31-35,1,0
1384,Hombre,34,31-35,1,1
1385,Hombre,30,26-30,1,1
1386,Hombre,33,31-35,1,0
1387,Mujer,32,31-35,1,1
1388,Mujer,34,31-35,1,1
1389,Hombre,32,31-35,1,1
1390,Hombre,28,26-30,1,1
1391,Mujer,24,18-25,1,1
1392,Hombre,28,26-30,1,1
1393,Mujer,22,18-25,1,1
1394,Mujer,27,26-30,1,0
1395,Hombre,24,18-25,1,1
1396,Mujer,29,26-30,1,1
1397,Hombre,31,31-35,1,0
1398,Hombre,32,31-35,1,1
1399,Hombre,25,18-25,1,0
1400,Hombre,28,26-30,1,1
1401,Hombre,27,26-30,1,0
1402,Mujer,29,26-30,0,1
1403,Hombre,35,31-35,1,1
1404,Mujer,32,31-35,1,1
1405,Hombre,29,26-30,1,1
1406,Hombre,29,26-30,1,1
1407,Hombre,24,18-25,1,1
1408,Hombre,30,26-30,1,0
1409,Mujer,29,26-30,1,0
1410,Mujer,22,18-25,0,1
1411,Mujer,35,31-35,1,0
1412,Mujer,27,26-30,1,0
1413,Mujer,30,26-30,1,0
1414,Hombre,31,31-35,1,0
1415,Mujer,32,31-35,1,1
1416,Hombre,24,18-25,1,1
1417,Mujer,32,31-35,1,1
1418,Mujer,28,26-30,1,1
1419,Hombre,32,31-35,1,0
1420,Mujer,27,26-30,1,1
1421,Mujer,24,18-25,1,0
1422,Hombre,27,26-30,1,1
1423,Mujer,32,31-35,1,0
1424,Mujer,31,31-35,1,0
1425,Hombre,29,26-30,1,0
1426,Mujer,28,26-30,1,0
1427,Mujer,22,18-25,0,0
1428,Hombre,33,31-35,1,0
1429,Hombre,29,26-30,1,0
1430,Hombre,31,31-35,0,0
1431,Mujer,31,31-35,1,0
1432,Hombre,25,18-25,1,1
1433,Mujer,32,31-35,1,0
1434,Mujer,27,26-30,1,1
1435,Mujer,24,18-25,1,1
1436,Hombre,32,31-35,0,1
1437,Hombre,28,26-30,1,0
1438,Hombre,28,26-30,1,1
1439,Hombre,35,31-35,1,1
1440,Mujer,33,31-35,0,1
1441,Hombre,27,26-30,1,0
1442,Hombre,23,18-25,1,1
1443,Mujer,30,26-30,1,0
1444,Hombre,31,31-35,1,0
1445,Mujer,33,31-35,1,1
1446,Hombre,30,26-30,1,0
1447,Hombre,31,31-35,1,1
1448,Hombre,29,26-30,1,0
1449,Hombre,31,31-35,1,0
1450,Hombre,26,26-30,1,1
1451,Hombre,27,26-30,1,1
1452,Mujer,34,31-35,1,1
1453,Hombre,27,26-30,1,0
1454,Mujer,32,31-35,0,1
1455,Mujer,24,18-25,1,1
1456,Hombre,31,31-35,1,1
1457,Hombre,29,26-30,1,1
1458,Mujer,33,31-35,1,0
1459,Mujer,27,26-30,0,0
1460,Hombre,31,31-35,1,0
1461,Mujer,31,31-35,1,0
1462,Hombre,30,26-30,1,0
1463,Hombre,31,31-35,1,1
1464,Mujer,33,31-35,1,1
1465,Mujer,30,26-30,1,1
1466,Mujer,30,26-30,1,1
1467,Hombre,29,26-30,0,0
1468,Hombre,27,26-30,1,1
1469,Hombre,32,31-35,1,0
1470,Hombre,32,31-35,1,0
1471,Hombre,33,31-35,1,1
1472,Mujer,24,18-25,1,0
1473,Hombre,28,26-30,1,0
1474,Hombre,28,26-30,1,0
1475,Mujer,29,26-30,1,1
1476,Hombre,27,26-30,0,1
1477,Mujer,30,26-30,1,1
1478,Mujer,27,26-30,1,1
1479,Mujer,28,26-30,1,0
1480,Hombre,30,26-30,1,0
1481,Mujer,30,26-30,0,1
1482,Mujer,27,26-30,1,0
1483,Hombre,32,31-35,1,0
1484,Mujer,28,26-30,1,0
1485,Hombre,26,26-30,1,1
1486,Mujer,28,26-30,1,1
1487,Mujer,28,26-30,1,1
1488,Hombre,34,31-35,1,1
1489,Mujer,32,31-35,1,1
1490,Hombre,28,26-30,1,0
1491,Hombre,30,26-30,1,0
1492,Mujer,35,31-35,1,1
1493,Hombre,30,26-30,1,1
1494,Hombre,31,31-35,1,1
1495,Hombre,33,31-35,1,0
1496,Hombre,27,26-30,1,1
1497,Mujer,25,18-25,1,0
1498,Hombre,34,31-35,0,1
1499,Mujer,31,31-35,1,1
1500,Hombre,27,26-30,1,0
1501,Hombre,32,31-35,1,0
1502,Hombre,28,26-30,1,1
1503,Mujer,24,18-25,1,0
1504,Hombre,30,26-30,0,1
1505,Mujer,29,26-30,1,0
1506,Mujer,31,31-35,0,1
1507,Mujer,34,31-35,1,1
1508,Mujer,32,31-35,0,0
1509,Mujer,27,26-30,1,0
1510,Mujer,31,31-35,1,1
1511,Mujer,28,26-30,1,1
1512,Hombre,30,26-30,1,0
1513,Mujer,29,26-30,0,0
1514,Mujer,29,26-30,1,0
1515,Hombre,33,31-35,1,0
1516,Mujer,27,26-30,1,0
1517,Hombre,31,31-35,1,0
1518,Hombre,25,18-25,1,0
1519,Mujer,28,26-30,1,1
1520,Mujer,25,18-25,1,1
1521,Mujer,27,26-30,1,0
1522,Hombre,26,26-30,1,0
1523,Hombre,30,26-30,0,0
1524,Mujer,33,31-35,1,0
1525,Mujer,27,26-30,0,0
1526,Hombre,32,31-35,1,1
1527,Mujer,28,26-30,1,0
1528,Hombre,25,18-25,1,0
1529,Hombre,29,26-30,1,1
1530,Hombre,28,26-30,1,0
1531,Mujer,25,18-25,0,1
1532,Mujer,26,26-30,1,1
1533,Hombre,27,26-30,1,0
1534,Hombre,30,26-30,1,1
1535,Hombre,27,26-30,1,1
1536,Hombre,26,26-30,1,0
1537,Hombre,28,26-30,1,1
1538,Hombre,27,26-30,1,1
1539,Hombre,26,26-30,1,1
1540,Mujer,32,31-35,0,0
1541,Hombre,27,26-30,1,0
1542,Mujer,28,26-30,1,1
1543,Mujer,29,26-30,1,1
1544,Hombre,30,26-30,1,0
1545,Hombre,35,31-35,1,0
1546,Hombre,27,26-30,1,1
1547,Mujer,27,26-30,1,1
1548,Mujer,28,26-30,1,0
1549,Hombre,29,26-30,1,0
1550,Mujer,30,26-30,1,1
1551,Hombre,27,26-30,1,1
1552,Hombre,25,18-25,1,0
1553,Mujer,26,26-30,1,1
1554,Hombre,26,26-30,0,0
1555,Mujer,29,26-30,1,0
1556,Hombre,37,36-41,1,0
1557,Mujer,31,31-35,1,1
1558,Hombre,28,26-30,0,0
1559,Mujer,30,26-30,1,1
1560,Hombre,33,31-35,1,0
1561,Hombre,29,26-30,1,0
1562,Hombre,32,31-35,1,0
1563,Hombre,29,26-30,1,1
1564,Mujer,31,31-35,1,1
1565,Hombre,24,18-25,1,1
1566,Mujer,30,26-30,1,1
1567,Hombre,30,26-30,1,1
1568,Hombre,33,31-35,1,0
1569,Hombre,30,26-30,0,0
1570,Mujer,31,31-35,1,0
1571,Mujer,29,26-30,1,0
1572,Hombre,33,31-35,1,0
1573,Hombre,32,31-35,1,1
1574,Hombre,28,26-30,1,0
1575,Mujer,36,36-41,1,0
1576,Mujer,30,26-30,1,1
1577,Mujer,31,31-35,1,0
1578,Mujer,32,31-35,1,0
1579,Hombre,32,31-35,1,1
1580,Hombre,30,26-30,1,0
1581,Hombre,28,26-30,1,0
1582,Hombre,32,31-35,1,0
1583,Hombre,31,31-35,0,1
1584,Mujer,35,31-35,1,1
1585,Mujer,33,31-35,1,1
1586,Mujer,29,26-30,0,0
1587,Hombre,26,26-30,1,1
1588,Mujer,29,26-30,1,0
1589,Hombre,30,26-30,1,0
1590,Hombre,32,31-35,1,0
1591,Mujer,26,26-30,1,0
1592,Hombre,27,26-30,0,1
1593,Hombre,28,26-30,0,1
1594,Mujer,31,31-35,1,0
1595,Mujer,29,26-30,1,1
1596,Mujer,30,26-30,0,1
1597,Hombre,28,26-30,1,0
1598,Hombre,31,31-35,0,1
1599,Mujer,30,26-30,1,0
1600,Hombre,30,26-30,1,1
1601,Hombre,29,26-30,1,0
1602,Mujer,25,18-25,1,1
1603,Hombre,26,26-30,1,0
1604,Mujer,27,26-30,1,1
1605,Mujer,33,31-35,1,1
1606,Mujer,28,26-30,1,0
1607,Mujer,23,18-25,1,0
1608,Hombre,31,31-35,1,1
1609,Mujer,27,26-30,0,1
1610,Hombre,26,26-30,1,0
1611,Hombre,31,31-35,1,1
1612,Hombre,29,26-30,1,0
1613,Hombre,26,26-30,1,0
1614,Hombre,27,26-30,0,0
1615,Hombre,30,26-30,0,1
1616,Hombre,37,36-41,1,1
1617,Hombre,33,31-35,1,1
1618,Hombre,26,26-30,1,0
1619,Mujer,27,26-30,1,1
1620,Hombre,28,26-30,1,0
1621,Hombre,21,18-25,1,0
1622,Hombre,32,31-35,1,1
1623,Hombre,28,26-30,1,0
1624,Mujer,28,26-30,1,0
1625,Hombre,28,26-30,1,0
1626,Mujer,26,26-30,1,0
1627,Mujer,33,31-35,1,1
1628,Mujer,33,31-35,1,0
1629,Mujer,22,18-25,1,1
1630,Hombre,33,31-35,1,1
1631,Hombre,24,18-25,1,1
1632,Mujer,32,31-35,1,0
1633,Hombre,30,26-30,1,1
1634,Hombre,31,31-35,1,1
1635,Hombre,30,26-30,1,1
1636,Hombre,24,18-25,1,0
1637,Mujer,34,31-35,1,0
1638,Mujer,31,31-35,1,1
1639,Hombre,31,31-35,1,0
1640,Mujer,26,26-30,1,1
1641,Mujer,29,26-30,1,0
1642,Hombre,25,18-25,1,0
1643,Hombre,29,26-30,1,0
1644,Mujer,29,26-30,1,1
1645,Hombre,30,26-30,1,1
1646,Hombre,28,26-30,1,0
1647,Hombre,30,26-30,1,0
1648,Mujer,32,31-35,1,0
1649,Mujer,26,26-30,1,0
1650,Mujer,23,18-25,1,1
1651,Hombre,35,31-35,1,1
1652,Hombre,31,31-35,1,1
1653,Hombre,30,26-30,1,1
1654,Hombre,28,26-30,1,0
1655,Mujer,30,26-30,1,1
1656,Mujer,32,31-35,1,0
1657,Mujer,29,26-30,1,1
1658,Mujer,29,26-30,1,0
1659,Mujer,35,31-35,1,0
1660,Hombre,29,26-30,1,1
1661,Mujer,29,26-30,1,0
1662,Hombre,31,31-35,1,0
1663,Hombre,24,18-25,1,0
1664,Mujer,29,26-30,1,0
1665,Mujer,29,26-30,1,0
1666,Mujer,26,26-30,0,1
1667,Hombre,26,26-30,1,0
1668,Hombre,34,31-35,1,1
1669,Mujer,27,26-30,0,0
1670,Hombre,29,26-30,1,1
1671,Hombre,28,26-30,1,1
1672,Hombre,32,31-35,1,0
1673,Hombre,34,31-35,1,0
1674,Mujer,27,26-30,1,0
1675,Mujer,26,26-30,1,0
1676,Hombre,31,31-35,0,1
1677,Hombre,25,18-25,1,0
1678,Hombre,26,26-30,1,0
1679,Hombre,25,18-25,1,0
1680,Hombre,33,31-35,1,1
1681,Mujer,28,26-30,1,1
1682,Hombre,29,26-30,1,0
1683,Mujer,28,26-30,1,1
1684,Mujer,27,26-30,1,1
1685,Mujer,27,26-30,0,1
1686,Mujer,26,26-30,1,1
1687,Hombre,32,31-35,1,1
1688,Hombre,31,31-35,1,1
1689,Hombre,32,31-35,1,0
1690,Mujer,36,36-41,1,0
1691,Mujer,28,26-30,1,0
1692,Hombre,27,26-30,1,0
1693,Hombre,35,31-35,1,0
1694,Hombre,26,26-30,0,1
1695,Mujer,27,26-30,1,1
1696,Hombre,29,26-30,1,0
1697,Hombre,28,26-30,1,1
1698,Mujer,28,26-30,1,1
1699,Hombre,32,31-35,1,1
1700,Hombre,26,26-30,1,0
1701,Hombre,33,31-35,1,0
1702,Hombre,28,26-30,1,0
1703,Hombre,32,31-35,1,1
1704,Hombre,27,26-30,1,1
1705,Hombre,36,36-41,1,0
1706,Mujer,31,31-35,1,0
1707,Mujer,27,26-30,0,1
1708,Hombre,30,26-30,1,1
1709,Hombre,27,26-30,1,1
1710,Mujer,32,31-35,1,1
1711,Hombre,29,26-30,1,1
1712,Hombre,28,26-30,1,0
1713,Mujer,30,26-30,1,1
1714,Hombre,26,26-30,0,0
1715,Hombre,36,36-41,1,0
1716,Mujer,25,18-25,1,1
1717,Mujer,27,26-30,1,1
1718,Mujer,24,18-25,1,0
1719,Mujer,34,31-35,1,1
1720,Hombre,31,31-35,1,0
1721,Hombre,31,31-35,1,1
1722,Hombre,24,18-25,1,1
1723,Mujer,24,18-25,1,0
1724,Hombre,27,26-30,0,0
1725,Mujer,32,31-35,1,1
1726,Hombre,27,26-30,0,0
1727,Mujer,23,18-25,1,0
1728,Mujer,29,26-30,0,1
1729,Mujer,24,18-25,1,0
1730,Hombre,36,36-41,1,0
1731,Mujer,29,26-30,1,1
1732,Hombre,34,31-35,1,1
1733,Mujer,25,18-25,1,0
1734,Hombre,26,26-30,1,1
1735,Hombre,34,31-35,1,1
1736,Mujer,33,31-35,1,0
1737,Hombre,28,26-30,1,1
1738,Mujer,32,31-35,1,1
1739,Hombre,25,18-25,1,0
1740,Mujer,30,26-30,1,0
1741,Mujer,30,26-30,0,1
1742,Hombre,28,26-30,1,1
1743,Mujer,33,31-35,1,0
1744,Hombre,27,26-30,1,1
1745,Mujer,28,26-30,1,0
1746,Hombre,27,26-30,1,1
1747,Hombre,30,26-30,1,1
1748,Hombre,33,31-35,1,1
1749,Mujer,26,26-30,1,0
1750,Hombre,24,18-25,1,0
1751,Mujer,28,26-30,1,1
1752,Hombre,31,31-35,1,1
1753,Hombre,27,26-30,0,1
1754,Mujer,29,26-30,0,0
1755,Hombre,33,31-35,1,0
1756,Mujer,29,26-30,1,0
1757,Mujer,30,26-30,1,0
1758,Mujer,37,36-41,1,0
1759,Hombre,31,31-35,1,0
1760,Hombre,24,18-25,0,1
1761,Mujer,26,26-30,1,0
1762,Mujer,27,26-30,1,0
1763,Mujer,29,26-30,0,0
1764,Hombre,30,26-30,1,1
1765,Hombre,27,26-30,1,0
1766,Mujer,22,18-25,1,0
1767,Mujer,29,26-30,1,0
1768,Hombre,32,31-35,1,0
1769,Mujer,27,26-30,1,0
1770,Hombre,26,26-30,1,0
1771,Hombre,31,31-35,1,0
1772,Hombre,31,31-35,1,1
1773,Mujer,30,26-30,1,0
1774,Mujer,28,26-30,0,0
1775,Mujer,30,26-30,1,1
1776,Hombre,31,31-35,1,0
1777,Hombre,30,26-30,1,1
1778,Mujer,25,18-25,0,1
1779,Mujer,26,26-30,0,0
1780,Hombre,29,26-30,1,1
1781,Mujer,21,18-25,1,0
1782,Mujer,25,18-25,1,1
1783,Hombre,31,31-35,1,0
1784,Mujer,31,31-35,1,0
1785,Mujer,33,31-35,1,1
1786,Hombre,20,18-25,0,0
1787,Hombre,32,31-35,1,0
1788,Mujer,29,26-30,1,0
1789,Mujer,34,31-35,1,1
1790,Mujer,30,26-30,1,0
1791,Hombre,32,31-35,1,1
1792,Hombre,26,26-30,1,0
1793,Mujer,30,26-30,1,0
1794,Hombre,23,18-25,1,0
1795,Hombre,28,26-30,1,0
1796,Mujer,29,26-30,1,1
1797,Mujer,30,26-30,1,1
1798,Mujer,27,26-30,1,0
1799,Mujer,38,36-41,1,1
1800,Hombre,25,18-25,0,1
1801,Hombre,24,18-25,0,0
1802,Mujer,25,18-25,1,0
1803,Mujer,23,18-25,0,0
1804,Hombre,23,18-25,0,0
1805,Hombre,32,31-35,1,1
1806,Mujer,29,26-30,0,0
1807,Hombre,23,18-25,1,0
1808,Mujer,30,26-30,1,0
1809,Mujer,35,31-35,1,0
1810,Mujer,28,26-30,1,0
1811,Mujer,27,26-30,1,1
1812,Mujer,23,18-25,1,0
1813,Mujer,30,26-30,1,0
1814,Hombre,34,31-35,1,1
1815,Mujer,31,31-35,1,1
1816,Mujer,26,26-30,1,1
1817,Mujer,30,26-30,1,0
1818,Hombre,28,26-30,1,0
1819,Mujer,29,26-30,0,1
1820,Hombre,33,31-35,0,1
1821,Mujer,25,18-25,1,0
1822,Hombre,30,26-30,1,0
1823,Mujer,29,26-30,1,1
1824,Mujer,31,31-35,1,1
1825,Hombre,33,31-35,1,1
1826,Mujer,31,31-35,1,0
1827,Hombre,32,31-35,0,0
1828,Mujer,28,26-30,1,1
1829,Hombre,29,26-30,0,1
1830,Mujer,30,26-30,0,0
1831,Hombre,27,26-30,1,0
1832,Mujer,26,26-30,1,1
1833,Mujer,35,31-35,1,1
1834,Mujer,26,26-30,1,0
1835,Mujer,31,31-35,1,0
1836,Mujer,31,31-35,0,0
1837,Hombre,33,31-35,1,0
1838,Mujer,27,26-30,1,1
1839,Mujer,30,26-30,1,0
1840,Mujer,32,31-35,1,1
1841,Hombre,26,26-30,0,1
1842,Hombre,34,31-35,0,0
1843,Hombre,35,31-35,1,1
1844,Mujer,34,31-35,1,0
1845,Mujer,31,31-35,1,1
1846,Mujer,28,26-30,1,0
1847,Mujer,30,26-30,0,0
1848,Mujer,30,26-30,1,0
1849,Mujer,25,18-25,1,0
1850,Mujer,25,18-25,1,0
1851,Hombre,26,26-30,1,0
1852,Hombre,33,31-35,1,0
1853,Mujer,24,18-25,1,1
1854,Hombre,33,31-35,0,0
1855,Hombre,31,31-35,1,1
1856,Mujer,28,26-30,1,1
1857,Mujer,27,26-30,1,1
1858,Mujer,31,31-35,0,0
1859,Hombre,27,26-30,1,0
1860,Mujer,26,26-30,1,0
1861,Mujer,28,26-30,1,0
1862,Mujer,26,26-30,0,0
1863,Hombre,34,31-35,1,0
1864,Hombre,27,26-30,0,0
1865,Hombre,28,26-30,0,1
1866,Mujer,33,31-35,1,1
1867,Mujer,31,31-35,1,0
1868,Mujer,30,26-30,1,1
1869,Hombre,28,26-30,1,0
1870,Mujer,27,26-30,1,1
1871,Mujer,32,31-35,1,0
1872,Hombre,31,31-35,1,0
1873,Hombre,27,26-30,1,1
1874,Mujer,24,18-25,0,1
1875,Mujer,32,31-35,1,0
1876,Hombre,29,26-30,1,0
1877,Mujer,31,31-35,1,1
1878,Mujer,27,26-30,1,1
1879,Mujer,31,31-35,0,0
1880,Hombre,26,26-30,1,0
1881,Hombre,27,26-30,1,0
1882,Hombre,28,26-30,0,0
1883,Mujer,23,18-25,1,1
1884,Hombre,25,18-25,1,1
1885,Hombre,28,26-30,1,0
1886,Mujer,28,26-30,1,1
1887,Hombre,26,26-30,1,1
1888,Hombre,30,26-30,1,1
1889,Hombre,32,31-35,1,1
1890,Mujer,29,26-30,1,1
1891,Hombre,27,26-30,1,0
1892,Mujer,27,26-30,1,1
1893,Mujer,31,31-35,1,1
1894,Mujer,31,31-35,1,1
1895,Hombre,27,26-30,1,1
1896,Mujer,27,26-30,1,1
1897,Hombre,33,31-35,0,0
1898,Hombre,31,31-35,1,0
1899,Hombre,26,26-30,1,0
1900,Mujer,31,31-35,1,0
1901,Hombre,31,31-35,1,1
1902,Mujer,31,31-35,1,0
1903,Mujer,31,31-35,0,0
1904,Hombre,27,26-30,1,1
1905,Hombre,27,26-30,1,0
1906,Hombre,32,31-35,1,1
1907,Hombre,26,26-30,1,0
1908,Mujer,30,26-30,1,0
1909,Mujer,28,26-30,1,1
1910,Mujer,36,36-41,1,1
1911,Mujer,28,26-30,1,0
1912,Mujer,32,31-35,0,0
1913,Mujer,26,26-30,1,1
1914,Mujer,27,26-30,1,0
1915,Mujer,24,18-25,1,0
1916,Hombre,30,26-30,1,1
1917,Mujer,29,26-30,1,0
1918,Hombre,25,18-25,0,0
1919,Mujer,33,31-35,1,0
1920,Mujer,33,31-35,1,0
1921,Hombre,33,31-35,1,1
1922,Mujer,32,31-35,1,0
1923,Hombre,26,26-30,0,1
1924,Mujer,32,31-35,1,0
1925,Mujer,31,31-35,0,0
1926,Hombre,31,31-35,1,0
1927,Hombre,30,26-30,1,1
1928,Hombre,35,31-35,1,1
1929,Mujer,30,26-30,1,0
1930,Mujer,30,26-30,1,1
1931,Hombre,29,26-30,1,0
1932,Hombre,27,26-30,1,1
1933,Mujer,31,31-35,1,0
1934,Hombre,28,26-30,1,0
1935,Mujer,23,18-25,0,0
1936,Mujer,30,26-30,1,0
1937,Mujer,30,26-30,1,1
1938,Hombre,33,31-35,0,1
1939,Mujer,31,31-35,1,0
1940,Hombre,30,26-30,1,0
1941,Hombre,32,31-35,1,0
1942,Hombre,35,31-35,1,0
1943,Mujer,26,26-30,1,0
1944,Hombre,28,26-30,1,1
1945,Hombre,37,36-41,1,0
1946,Hombre,30,26-30,1,1
1947,Hombre,34,31-35,1,1
1948,Mujer,27,26-30,1,1
1949,Mujer,32,31-35,0,0
1950,Mujer,30,26-30,1,1
1951,Mujer,21,18-25,1,0
1952,Mujer,24,18-25,1,1
1953,Hombre,31,31-35,0,0
1954,Hombre,30,26-30,0,0
1955,Mujer,34,31-35,1,1
1956,Mujer,35,31-35,1,1
1957,Mujer,26,26-30,1,0
1958,Hombre,23,18-25,1,1
1959,Mujer,26,26-30,1,0
1960,Mujer,25,18-25,0,0
1961,Hombre,27,26-30,1,0
1962,Hombre,34,31-35,1,1
1963,Mujer,27,26-30,1,1
1964,Hombre,23,18-25,1,0
1965,Mujer,29,26-30,1,0
1966,Hombre,36,36-41,1,0
1967,Hombre,26,26-30,0,1
1968,Mujer,28,26-30,1,1
1969,Mujer,30,26-30,1,0
1970,Hombre,31,31-35,1,0
1971,Hombre,31,31-35,1,1
1972,Mujer,30,26-30,0,1
1973,Mujer,24,18-25,1,1
1974,Mujer,31,31-35,1,1
1975,Mujer,29,26-30,0,0
1976,Mujer,32,31-35,0,1
1977,Mujer,32,31-35,1,0
1978,Mujer,31,31-35,0,0
1979,Hombre,32,31-35,1,1
1980,Mujer,29,26-30,0,0
1981,Hombre,35,31-35,1,1
1982,Mujer,31,31-35,0,0
1983,Mujer,30,26-30,1,0
1984,Hombre,26,26-30,1,0
1985,Hombre,28,26-30,0,0
1986,Hombre,25,18-25,1,0
1987,Hombre,34,31-35,1,0
1988,Hombre,30,26-30,1,0
1989,Hombre,30,26-30,1,0
1990,Mujer,29,26-30,1,1
1991,Hombre,31,31-35,1,0
1992,Mujer,30,26-30,1,1
1993,Hombre,28,26-30,1,1
1994,Mujer,30,26-30,0,1
1995,Mujer,31,31-35,1,0
1996,Hombre,30,26-30,1,1
1997,Hombre,33,31-35,1,0
1998,Hombre,24,18-25,1,0
1999,Hombre,33,31-35,1,1
2000,Mujer,28,26-30,1,1
2001,Hombre,25,18-25,1,1
2002,Hombre,27,26-30,1,0
2003,Hombre,30,26-30,1,0
2004,Hombre,28,26-30,1,1
2005,Mujer,28,26-30,1,0
2006,Hombre,35,31-35,1,1
2007,Hombre,28,26-30,1,0
2008,Mujer,27,26-30,1,0
2009,Mujer,25,18-25,1,1
2010,Hombre,27,26-30,1,0
2011,Mujer,32,31-35,1,1
2012,Mujer,27,26-30,1,0
2013,Mujer,28,26-30,0,0
2014,Hombre,20,18-25,1,1
2015,Hombre,37,36-41,1,0
2016,Hombre,32,31-35,1,1
2017,Mujer,36,36-41,1,0
2018,Mujer,24,18-25,0,0
2019,Mujer,28,26-30,1,1
2020,Hombre,27,26-30,0,1
2021,Hombre,28,26-30,0,1
2022,Mujer,34,31-35,1,0
2023,Hombre,29,26-30,1,0
2024,Mujer,33,31-35,1,0
2025,Mujer,30,26-30,1,0
2026,Mujer,30,26-30,1,1
2027,Hombre,30,26-30,1,0
2028,Mujer,28,26-30,1,0
2029,Mujer,25,18-25,0,0
2030,Hombre,25,18-25,1,0
2031,Mujer,27,26-30,1,0
2032,Hombre,30,26-30,1,1
2033,Hombre,32,31-35,1,0
2034,Mujer,24,18-25,0,0
2035,Mujer,27,26-30,1,1
2036,Hombre,30,26-30,1,0
2037,Mujer,32,31-35,0,1
2038,Hombre,27,26-30,0,1
2039,Hombre,25,18-25,1,0
2040,Mujer,28,26-30,1,1
2041,Hombre,25,18-25,0,1
2042,Hombre,26,26-30,1,1
2043,Mujer,31,31-35,1,1
2044,Hombre,33,31-35,1,0
2045,Hombre,28,26-30,0,1
2046,Hombre,26,26-30,1,0
2047,Hombre,29,26-30,1,1
2048,Mujer,30,26-30,0,1
2049,Hombre,34,31-35,1,0
2050,Mujer,27,26-30,0,1
2051,Mujer,23,18-25,1,1
2052,Hombre,24,18-25,1,1
2053,Mujer,33,31-35,1,0
2054,Hombre,29,26-30,1,0
2055,Hombre,28,26-30,0,1
2056,Hombre,29,26-30,1,0
2057,Hombre,28,26-30,1,1
2058,Hombre,26,26-30,1,1
2059,Mujer,25,18-25,1,0
2060,Mujer,30,26-30,1,1
2061,Mujer,24,18-25,1,0
2062,Hombre,27,26-30,1,0
2063,Hombre,26,26-30,1,0
2064,Hombre,27,26-30,1,1
2065,Hombre,29,26-30,1,1
2066,Mujer,31,31-35,1,1
2067,Hombre,29,26-30,0,1
2068,Hombre,28,26-30,1,1
2069,Mujer,29,26-30,1,0
2070,Hombre,32,31-35,1,1
2071,Mujer,25,18-25,1,1
2072,Mujer,28,26-30,1,1
2073,Mujer,31,31-35,1,0
2074,Hombre,28,26-30,1,1
2075,Mujer,32,31-35,1,0
2076,Mujer,29,26-30,1,1
2077,Mujer,29,26-30,1,0
2078,Hombre,31,31-35,1,0
2079,Hombre,27,26-30,1,0
2080,Mujer,32,31-35,1,1
2081,Hombre,26,26-30,1,0
2082,Hombre,27,26-30,1,1
2083,Mujer,32,31-35,0,0
2084,Mujer,30,26-30,1,1
2085,Mujer,23,18-25,1,1
2086,Hombre,32,31-35,1,0
2087,Mujer,31,31-35,1,1
2088,Hombre,22,18-25,1,0
2089,Mujer,33,31-35,1,0
2090,Hombre,32,31-35,1,1
2091,Mujer,29,26-30,1,1
2092,Mujer,36,36-41,1,0
2093,Mujer,33,31-35,1,1
2094,Hombre,23,18-25,1,1
2095,Hombre,25,18-25,1,1
2096,Hombre,30,26-30,1,1
2097,Mujer,29,26-30,1,1
2098,Mujer,25,18-25,1,1
2099,Mujer,35,31-35,1,1
2100,Hombre,30,26-30,1,0
2101,Hombre,29,26-30,1,0
2102,Hombre,29,26-30,1,1
2103,Mujer,32,31-35,0,1
2104,Mujer,26,26-30,1,0
2105,Hombre,25,18-25,1,1
2106,Hombre,28,26-30,0,1
2107,Mujer,35,31-35,1,0
2108,Hombre,25,18-25,0,0
2109,Mujer,29,26-30,1,1
2110,Mujer,29,26-30,1,0
2111,Hombre,34,31-35,1,1
2112,Mujer,24,18-25,1,1
2113,Mujer,31,31-35,0,1
2114,Mujer,26,26-30,1,0
2115,Mujer,33,31-35,1,1
2116,Hombre,33,31-35,1,1
2117,Mujer,29,26-30,0,0
2118,Mujer,30,26-30,0,0
2119,Hombre,30,26-30,1,0
2120,Hombre,29,26-30,1,0
2121,Mujer,32,31-35,1,1
2122,Hombre,30,26-30,1,0
2123,Mujer,25,18-25,0,0
2124,Hombre,28,26-30,1,1
2125,Mujer,25,18-25,1,0
2126,Hombre,34,31-35,1,1
2127,Mujer,27,26-30,1,1
2128,Mujer,24,18-25,1,1
2129,Hombre,30,26-30,1,0
2130,Mujer,34,31-35,1,1
2131,Hombre,28,26-30,1,0
2132,Mujer,29,26-30,0,1
2133,Hombre,31,31-35,1,0
2134,Mujer,23,18-25,1,1
2135,Mujer,31,31-35,1,1
2136,Mujer,31,31-35,1,0
2137,Mujer,26,26-30,1,1
2138,Hombre,29,26-30,1,0
2139,Mujer,30,26-30,1,1
2140,Hombre,29,26-30,1,0
2141,Hombre,24,18-25,1,0
2142,Mujer,28,26-30,1,1
2143,Hombre,24,18-25,1,0
2144,Hombre,32,31-35,0,0
2145,Mujer,29,26-30,0,0
2146,Mujer,27,26-30,1,0
2147,Hombre,30,26-30,1,0
2148,Mujer,33,31-35,0,0
2149,Mujer,28,26-30,1,1
2150,Hombre,27,26-30,1,0
2151,Mujer,27,26-30,1,0
2152,Mujer,29,26-30,1,1
2153,Mujer,34,31-35,1,0
2154,Hombre,31,31-35,1,1
2155,Mujer,29,26-30,1,1
2156,Mujer,27,26-30,1,1
2157,Mujer,30,26-30,1,1
2158,Hombre,26,26-30,0,1
2159,Mujer,28,26-30,1,0
2160,Mujer,31,31-35,1,0
2161,Hombre,25,18-25,0,0
2162,Mujer,31,31-35,1,1
2163,Mujer,29,26-30,1,1
2164,Hombre,28,26-30,1,1
2165,Mujer,30,26-30,1,1
2166,Hombre,27,26-30,1,1
2167,Hombre,29,26-30,1,0
2168,Hombre,26,26-30,1,0
2169,Mujer,26,26-30,0,0
2170,Mujer,31,31-35,0,0
2171,Mujer,24,18-25,1,1
2172,Hombre,27,26-30,0,1
2173,Hombre,26,26-30,1,0
2174,Hombre,30,26-30,1,1
2175,Hombre,30,26-30,0,1
2176,Hombre,27,26-30,1,0
2177,Mujer,24,18-25,1,1
2178,Mujer,31,31-35,1,0
2179,Mujer,26,26-30,1,0
2180,Mujer,30,26-30,0,0
2181,Hombre,30,26-30,1,1
2182,Mujer,34,31-35,1,0
2183,Mujer,32,31-35,1,1
2184,Mujer,31,31-35,1,0
2185,Mujer,29,26-30,0,0
2186,Hombre,31,31-35,1,0
2187,Hombre,27,26-30,1,0
2188,Mujer,28,26-30,1,1
2189,Mujer,29,26-30,1,0
2190,Hombre,31,31-35,1,0
2191,Mujer,30,26-30,1,1
2192,Hombre,27,26-30,1,1
2193,Hombre,28,26-30,1,0
2194,Hombre,29,26-30,1,0
2195,Hombre,30,26-30,1,0
2196,Hombre,33,31-35,1,0
2197,Mujer,24,18-25,1,0
2198,Hombre,28,26-30,1,1
2199,Mujer,30,26-30,1,0
2200,Hombre,22,18-25,1,1
2201,Mujer,36,36-41,1,1
2202,Mujer,31,31-35,1,1
2203,Hombre,28,26-30,1,1
2204,Mujer,37,36-41,1,1
2205,Hombre,24,18-25,0,1
2206,Mujer,35,31-35,0,1
2207,Mujer,25,18-25,0,0
2208,Hombre,27,26-30,1,0
2209,Mujer,36,36-41,1,0
2210,Hombre,31,31-35,1,1
2211,Mujer,26,26-30,1,0
2212,Mujer,28,26-30,1,0
2213,Mujer,26,26-30,1,0
2214,Hombre,30,26-30,1,0
2215,Mujer,30,26-30,1,0
2216,Mujer,27,26-30,0,0
2217,Hombre,27,26-30,0,0
2218,Hombre,34,31-35,0,0
2219,Hombre,28,26-30,0,0
2220,Mujer,34,31-35,1,1
2221,Hombre,32,31-35,1,1
2222,Hombre,33,31-35,1,1
2223,Hombre,28,26-30,1,1
2224,Hombre,31,31-35,1,0
2225,Hombre,31,31-35,1,0
2226,Mujer,28,26-30,1,0
2227,Hombre,30,26-30,1,1
2228,Hombre,27,26-30,1,0
2229,Hombre,32,31-35,1,1
2230,Hombre,35,31-35,1,1
2231,Hombre,27,26-30,1,0
2232,Mujer,30,26-30,1,0
2233,Mujer,26,26-30,1,0
2234,Hombre,31,31-35,1,1
2235,Mujer,31,31-35,1,1
2236,Mujer,33,31-35,0,0
2237,Hombre,32,31-35,1,0
2238,Mujer,28,26-30,1,1
2239,Mujer,34,31-35,1,1
2240,Hombre,26,26-30,0,0
2241,Mujer,29,26-30,1,1
2242,Mujer,27,26-30,1,0
2243,Mujer,28,26-30,1,0
2244,Mujer,38,36-41,1,0
2245,Hombre,31,31-35,1,0
2246,Mujer,23,18-25,0,0
2247,Hombre,25,18-25,1,1
2248,Hombre,37,36-41,1,1
2249,Mujer,26,26-30,1,1
2250,Hombre,32,31-35,1,1
2251,Mujer,29,26-30,1,0
2252,Hombre,26,26-30,1,1
2253,Mujer,25,18-25,1,1
2254,Hombre,30,26-30,1,0
2255,Hombre,28,26-30,1,0
2256,Mujer,24,18-25,1,1
2257,Hombre,30,26-30,1,0
2258,Hombre,35,31-35,0,1
2259,Hombre,31,31-35,1,1
2260,Mujer,27,26-30,1,0
2261,Mujer,28,26-30,1,1
2262,Mujer,28,26-30,1,1
2263,Hombre,27,26-30,1,1
2264,Hombre,27,26-30,1,1
2265,Hombre,29,26-30,1,0
2266,Mujer,31,31-35,1,0
2267,Mujer,28,26-30,0,0
2268,Mujer,30,26-30,1,1
2269,Mujer,29,26-30,1,0
2270,Hombre,32,31-35,0,1
2271,Hombre,26,26-30,0,1
2272,Mujer,34,31-35,0,1
2273,Mujer,29,26-30,1,0
2274,Mujer,32,31-35,1,1
2275,Mujer,33,31-35,1,1
2276,Hombre,24,18-25,1,0
2277,Mujer,26,26-30,1,0
2278,Mujer,34,31-35,1,1
2279,Hombre,25,18-25,1,1
2280,Hombre,26,26-30,1,1
2281,Hombre,30,26-30,1,0
2282,Hombre,28,26-30,1,1
2283,Hombre,21,18-25,1,0
2284,Hombre,27,26-30,1,0
2285,Mujer,25,18-25,1,1
2286,Hombre,25,18-25,1,0
2287,Mujer,22,18-25,1,0
2288,Hombre,29,26-30,1,0
2289,Mujer,25,18-25,0,0
2290,Mujer,25,18-25,0,0
2291,Hombre,28,26-30,1,1
2292,Hombre,29,26-30,0,0
2293,Hombre,27,26-30,1,1
2294,Hombre,27,26-30,1,0
2295,Hombre,29,26-30,1,0
2296,Hombre,31,31-35,0,1
2297,Mujer,26,26-30,1,1
2298,Hombre,33,31-35,1,0
2299,Mujer,28,26-30,1,1
2300,Hombre,25,18-25,1,1
2301,Hombre,32,31-35,1,0
2302,Mujer,26,26-30,1,0
2303,Hombre,27,26-30,1,1
2304,Mujer,30,26-30,1,0
2305,Mujer,25,18-25,1,1
2306,Hombre,39,36-41,1,0
2307,Mujer,27,26-30,1,0
2308,Hombre,33,31-35,1,1
2309,Hombre,31,31-35,1,1
2310,Hombre,35,31-35,1,1
2311,Mujer,31,31-35,1,1
2312,Hombre,32,31-35,1,0
2313,Mujer,24,18-25,1,0
2314,Mujer,30,26-30,1,0
2315,Mujer,29,26-30,1,1
2316,Hombre,31,31-35,1,0
2317,Mujer,29,26-30,0,1
2318,Mujer,34,31-35,1,1
2319,Mujer,28,26-30,1,1
2320,Hombre,26,26-30,1,1
2321,Hombre,33,31-35,1,0
2322,Hombre,25,18-25,1,1
2323,Mujer,26,26-30,1,0
2324,Hombre,29,26-30,1,0
2325,Mujer,29,26-30,1,1
2326,Mujer,24,18-25,1,0
2327,Hombre,30,26-30,1,1
2328,Hombre,27,26-30,1,0
2329,Mujer,28,26-30,0,0
2330,Hombre,24,18-25,0,1
2331,Mujer,28,26-30,1,0
2332,Mujer,27,26-30,1,0
2333,Mujer,26,26-30,1,0
2334,Mujer,24,18-25,1,1
2335,Hombre,26,26-30,0,1
2336,Hombre,32,31-35,1,0
2337,Mujer,25,18-25,1,1
2338,Hombre,24,18-25,1,0
2339,Mujer,28,26-30,1,1
2340,Hombre,28,26-30,0,0
2341,Hombre,34,31-35,1,1
2342,Mujer,24,18-25,1,1
2343,Hombre,26,26-30,1,1
2344,Hombre,29,26-30,0,0
2345,Mujer,28,26-30,0,0
2346,Hombre,30,26-30,1,1
2347,Mujer,30,26-30,1,0
2348,Hombre,29,26-30,1,0
2349,Mujer,34,31-35,1,1
2350,Hombre,29,26-30,0,1
2351,Hombre,29,26-30,1,1
2352,Hombre,25,18-25,1,1
2353,Hombre,28,26-30,1,1
2354,Hombre,28,26-30,1,1
2355,Hombre,28,26-30,0,0
2356,Mujer,30,26-30,1,0
2357,Hombre,33,31-35,1,0
2358,Mujer,23,18-25,1,0
2359,Hombre,31,31-35,0,1
2360,Mujer,27,26-30,1,1
2361,Hombre,29,26-30,1,0
2362,Mujer,29,26-30,1,1
2363,Mujer,29,26-30,1,0
2364,Mujer,30,26-30,1,0
2365,Hombre,31,31-35,1,0
2366,Mujer,29,26-30,1,1
2367,Hombre,31,31-35,0,1
2368,Hombre,27,26-30,1,0
2369,Hombre,28,26-30,1,1
2370,Hombre,28,26-30,1,0
2371,Hombre,30,26-30,1,0
2372,Mujer,32,31-35,1,0
2373,Mujer,30,26-30,1,1
2374,Hombre,27,26-30,1,1
2375,Hombre,33,31-35,1,0
2376,Hombre,31,31-35,0,1
2377,Hombre,28,26-30,0,1
2378,Hombre,29,26-30,1,0
2379,Hombre,28,26-30,1,1
2380,Hombre,28,26-30,1,1
2381,Hombre,28,26-30,1,1
2382,Hombre,22,18-25,1,0
2383,Hombre,25,18-25,0,0
2384,Mujer,27,26-30,1,1
2385,Hombre,28,26-30,1,1
2386,Hombre,34,31-35,0,1
2387,Mujer,29,26-30,1,1
2388,Hombre,34,31-35,0,0
2389,Hombre,28,26-30,0,0
2390,Mujer,31,31-35,1,0
2391,Hombre,34,31-35,1,1
2392,Hombre,32,31-35,1,1
2393,Hombre,26,26-30,1,0
2394,Mujer,21,18-25,1,0
2395,Hombre,27,26-30,1,1
2396,Mujer,32,31-35,1,1
2397,Hombre,33,31-35,1,0
2398,Mujer,33,31-35,0,0
2399,Hombre,23,18-25,1,1
2400,Mujer,28,26-30,0,1
2401,Hombre,31,31-35,1,0
2402,Mujer,32,31-35,1,1
2403,Mujer,25,18-25,1,0
2404,Mujer,32,31-35,1,1
2405,Mujer,25,18-25,1,1
2406,Mujer,32,31-35,1,1
2407,Hombre,34,31-35,1,0
2408,Mujer,29,26-30,1,0
2409,Mujer,23,18-25,1,1
2410,Hombre,30,26-30,1,0
2411,Hombre,27,26-30,1,0
2412,Mujer,27,26-30,1,1
2413,Mujer,32,31-35,0,1
2414,Mujer,23,18-25,1,1
2415,Hombre,24,18-25,1,0
2416,Hombre,31,31-35,0,1
2417,Mujer,28,26-30,1,0
2418,Mujer,32,31-35,1,1
2419,Mujer,31,31-35,1,0
2420,Hombre,32,31-35,1,1
2421,Mujer,30,26-30,1,0
2422,Hombre,35,31-35,0,1
2423,Mujer,33,31-35,1,1
2424,Hombre,29,26-30,1,0
2425,Hombre,21,18-25,1,1
2426,Hombre,33,31-35,1,0
2427,Hombre,37,36-41,1,0
2428,Hombre,31,31-35,1,1
2429,Mujer,26,26-30,1,0
2430,Mujer,32,31-35,1,0
2431,Hombre,31,31-35,1,1
2432,Hombre,22,18-25,1,1
2433,Mujer,32,31-35,0,0
2434,Mujer,29,26-30,0,1
2435,Hombre,30,26-30,0,1
2436,Mujer,28,26-30,1,1
2437,Mujer,30,26-30,1,0
2438,Mujer,28,26-30,1,0
2439,Hombre,28,26-30,1,1
2440,Mujer,30,26-30,1,1
2441,Mujer,29,26-30,1,0
2442,Hombre,30,26-30,1,1
2443,Mujer,32,31-35,1,1
2444,Mujer,33,31-35,1,0
2445,Mujer,26,26-30,1,0
2446,Mujer,32,31-35,1,1
2447,Hombre,33,31-35,1,0
2448,Hombre,30,26-30,1,1
2449,Mujer,28,26-30,1,1
2450,Hombre,33,31-35,1,1
2451,Hombre,31,31-35,1,1
2452,Hombre,28,26-30,1,0
2453,Mujer,31,31-35,1,0
2454,Mujer,34,31-35,1,1
2455,Hombre,27,26-30,1,0
2456,Hombre,31,31-35,1,1
2457,Hombre,32,31-35,1,0
2458,Mujer,32,31-35,1,1
2459,Hombre,25,18-25,1,0
2460,Hombre,25,18-25,1,0
2461,Mujer,28,26-30,1,1
2462,Mujer,30,26-30,1,0
2463,Hombre,29,26-30,1,1
2464,Mujer,25,18-25,1,0
2465,Hombre,29,26-30,1,0
2466,Mujer,30,26-30,0,0
2467,Hombre,25,18-25,1,1
2468,Hombre,29,26-30,0,1
2469,Mujer,33,31-35,1,0
2470,Hombre,30,26-30,1,0
2471,Mujer,35,31-35,1,0
2472,Mujer,32,31-35,0,0
2473,Hombre,21,18-25,1,1
2474,Hombre,32,31-35,0,0
2475,Mujer,31,31-35,1,0
2476,Hombre,29,26-30,1,1
2477,Hombre,28,26-30,1,0
2478,Hombre,27,26-30,1,0
2479,Hombre,26,26-30,1,0
2480,Hombre,25,18-25,0,0
2481,Hombre,31,31-35,0,0
2482,Mujer,31,31-35,1,0
2483,Hombre,35,31-35,1,1
2484,Hombre,33,31-35,1,0
2485,Hombre,30,26-30,1,0
2486,Mujer,28,26-30,1,0
2487,Hombre,30,26-30,0,1
2488,Hombre,26,26-30,1,1
2489,Mujer,24,18-25,1,0
2490,Mujer,31,31-35,1,0
2491,Mujer,34,31-35,1,0
2492,Mujer,29,26-30,1,0
2493,Hombre,32,31-35,0,1
2494,Hombre,29,26-30,1,1
2495,Hombre,28,26-30,1,1
2496,Mujer,26,26-30,1,0
2497,Mujer,32,31-35,1,0
2498,Mujer,29,26-30,0,0
2499,Hombre,25,18-25,1,0
2500,Mujer,29,26-30,1,1
2501,Hombre,34,31-35,1,0
2502,Hombre,28,26-30,0,0
2503,Hombre,30,26-30,1,1
2504,Hombre,30,26-30,1,1
2505,Hombre,34,31-35,1,1
2506,Hombre,32,31-35,0,0
2507,Hombre,28,26-30,1,1
2508,Hombre,30,26-30,1,1
2509,Mujer,25,18-25,1,0
2510,Mujer,21,18-25,0,0
2511,Mujer,34,31-35,1,1
2512,Hombre,27,26-30,1,0
2513,Hombre,28,26-30,1,1
2514,Hombre,28,26-30,0,0
2515,Hombre,32,31-35,1,1
2516,Mujer,34,31-35,0,1
2517,Mujer,27,26-30,1,0
2518,Mujer,34,31-35,1,1
2519,Hombre,24,18-25,1,0
2520,Hombre,33,31-35,1,1
2521,Hombre,30,26-30,1,1
2522,Mujer,27,26-30,1,0
2523,Mujer,30,26-30,1,0
2524,Hombre,25,18-25,1,1
2525,Hombre,31,31-35,1,1
2526,Hombre,33,31-35,1,1
2527,Hombre,31,31-35,1,1
2528,Hombre,32,31-35,1,1
2529,Mujer,29,26-30,1,1
2530,Hombre,25,18-25,1,0
2531,Hombre,37,36-41,1,0
2532,Mujer,25,18-25,0,1
2533,Mujer,34,31-35,1,0
2534,Hombre,29,26-30,1,0
2535,Mujer,26,26-30,1,1
2536,Hombre,29,26-30,1,0
2537,Mujer,30,26-30,0,1
2538,Hombre,28,26-30,1,0
2539,Mujer,28,26-30,1,1
2540,Hombre,32,31-35,1,1
2541,Mujer,30,26-30,1,0
2542,Hombre,30,26-30,1,1
2543,Hombre,29,26-30,1,1
2544,Hombre,25,18-25,1,1
2545,Hombre,30,26-30,1,1
2546,Hombre,32,31-35,0,1
2547,Hombre,33,31-35,1,1
2548,Hombre,33,31-35,1,1
2549,Mujer,31,31-35,1,0
2550,Mujer,32,31-35,1,0
2551,Hombre,32,31-35,1,1
2552,Hombre,29,26-30,1,1
2553,Hombre,29,26-30,1,1
2554,Hombre,29,26-30,1,0
2555,Mujer,26,26-30,1,1
2556,Hombre,28,26-30,1,1
2557,Mujer,26,26-30,1,0
2558,Mujer,26,26-30,0,1
2559,Hombre,34,31-35,1,0
2560,Hombre,33,31-35,1,0
2561,Hombre,30,26-30,1,1
2562,Mujer,34,31-35,1,0
2563,Mujer,30,26-30,1,1
2564,Hombre,26,26-30,1,1
2565,Hombre,29,26-30,1,1
2566,Hombre,28,26-30,1,1
2567,Mujer,33,31-35,0,1
2568,Mujer,28,26-30,1,1
2569,Hombre,26,26-30,1,0
2570,Hombre,27,26-30,1,1
2571,Hombre,33,31-35,1,0
2572,Hombre,33,31-35,1,0
2573,Mujer,30,26-30,1,0
2574,Mujer,24,18-25,0,0
2575,Hombre,30,26-30,1,1
2576,Mujer,26,26-30,1,0
2577,Mujer,29,26-30,0,1
2578,Hombre,30,26-30,1,0
2579,Hombre,27,26-30,1,0
2580,Mujer,28,26-30,1,0
2581,Mujer,29,26-30,1,0
2582,Hombre,31,31-35,1,1
2583,Hombre,35,31-35,0,0
2584,Mujer,30,26-30,0,1
2585,Hombre,26,26-30,1,1
2586,Hombre,29,26-30,1,0
2587,Hombre,33,31-35,1,1
2588,Hombre,28,26-30,1,0
2589,Mujer,26,26-30,1,1
2590,Hombre,24,18-25,0,0
2591,Mujer,25,18-25,1,1
2592,Mujer,30,26-30,1,0
2593,Hombre,34,31-35,1,1
2594,Hombre,26,26-30,1,0
2595,Mujer,29,26-30,1,0
2596,Hombre,33,31-35,1,0
2597,Hombre,32,31-35,1,1
2598,Mujer,31,31-35,0,0
2599,Hombre,25,18-25,1,1
2600,Mujer,35,31-35,1,0
2601,Hombre,32,31-35,1,1
2602,Hombre,31,31-35,0,1
2603,Hombre,28,26-30,1,1
2604,Hombre,32,31-35,1,0
2605,Mujer,25,18-25,1,0
2606,Mujer,27,26-30,1,1
2607,Hombre,29,26-30,1,0
2608,Hombre,30,26-30,1,0
2609,Hombre,26,26-30,1,0
2610,Hombre,30,26-30,1,1
2611,Mujer,28,26-30,1,1
2612,Mujer,30,26-30,1,1
2613,Mujer,32,31-35,1,1
2614,Mujer,27,26-30,1,0
2615,Hombre,30,26-30,1,1
2616,Hombre,30,26-30,1,0
2617,Mujer,34,31-35,1,1
2618,Hombre,24,18-25,1,1
2619,Hombre,22,18-25,1,0
2620,Hombre,32,31-35,1,1
2621,Hombre,32,31-35,1,0
2622,Hombre,29,26-30,1,1
2623,Mujer,35,31-35,0,0
2624,Hombre,30,26-30,1,0
2625,Hombre,30,26-30,1,1
2626,Hombre,32,31-35,1,1
2627,Mujer,29,26-30,1,0
2628,Mujer,29,26-30,1,1
2629,Hombre,32,31-35,1,0
2630,Mujer,28,26-30,1,0
2631,Hombre,26,26-30,1,1
2632,Hombre,29,26-30,1,0
2633,Mujer,27,26-30,1,1
2634,Mujer,32,31-35,1,0
2635,Mujer,28,26-30,1,0
2636,Mujer,32,31-35,1,0
2637,Mujer,33,31-35,1,1
2638,Hombre,29,26-30,1,0
2639,Hombre,29,26-30,1,0
2640,Hombre,30,26-30,1,0
2641,Mujer,31,31-35,1,1
2642,Mujer,32,31-35,1,1
2643,Hombre,27,26-30,1,1
2644,Hombre,22,18-25,0,0
2645,Hombre,28,26-30,1,1
2646,Mujer,28,26-30,1,1
2647,Hombre,30,26-30,0,0
2648,Hombre,22,18-25,1,0
2649,Mujer,32,31-35,1,0
2650,Hombre,31,31-35,1,0
2651,Mujer,30,26-30,1,1
2652,Hombre,27,26-30,1,1
2653,Mujer,34,31-35,1,0
2654,Mujer,25,18-25,1,0
2655,Hombre,31,31-35,1,1
2656,Hombre,30,26-30,1,1
2657,Mujer,32,31-35,1,1
2658,Mujer,25,18-25,1,0
2659,Hombre,25,18-25,1,0
2660,Mujer,29,26-30,0,0
2661,Mujer,26,26-30,1,1
2662,Mujer,28,26-30,1,1
2663,Mujer,30,26-30,1,0
2664,Mujer,27,26-30,1,1
2665,Mujer,32,31-35,1,0
2666,Hombre,30,26-30,1,1
2667,Mujer,31,31-35,1,0
2668,Mujer,33,31-35,1,0
2669,Mujer,32,31-35,1,0
2670,Mujer,32,31-35,1,0
2671,Hombre,26,26-30,1,1
2672,Hombre,25,18-25,1,0
2673,Hombre,29,26-30,0,1
2674,Hombre,30,26-30,1,1
2675,Mujer,31,31-35,1,0
2676,Hombre,26,26-30,1,0
2677,Hombre,29,26-30,1,0
2678,Mujer,28,26-30,1,0
2679,Hombre,26,26-30,1,0
2680,Mujer,31,31-35,1,1
2681,Hombre,35,31-35,1,0
2682,Mujer,30,26-30,1,0
2683,Mujer,28,26-30,1,0
2684,Mujer,27,26-30,1,1
2685,Hombre,29,26-30,1,1
2686,Hombre,30,26-30,1,0
2687,Hombre,29,26-30,1,0
2688,Mujer,29,26-30,1,0
2689,Hombre,26,26-30,1,0
2690,Hombre,29,26-30,1,1
2691,Hombre,31,31-35,1,0
2692,Mujer,25,18-25,1,1
2693,Mujer,25,18-25,1,1
2694,Mujer,29,26-30,1,1
2695,Mujer,29,26-30,1,1
2696,Mujer,29,26-30,1,1
2697,Hombre,26,26-30,1,1
2698,Hombre,34,31-35,1,1
2699,Mujer,26,26-30,0,1
2700,Hombre,34,31-35,1,1
2701,Hombre,29,26-30,1,1
2702,Mujer,27,26-30,1,1
2703,Mujer,31,31-35,1,0
2704,Mujer,36,36-41,1,1
2705,Hombre,31,31-35,1,0
2706,Mujer,28,26-30,1,1
2707,Hombre,31,31-35,1,1
2708,Mujer,27,26-30,1,1
2709,Mujer,30,26-30,1,0
2710,Hombre,25,18-25,1,0
2711,Mujer,28,26-30,1,1
2712,Mujer,27,26-30,1,1
2713,Hombre,29,26-30,1,1
2714,Hombre,22,18-25,1,0
2715,Mujer,28,26-30,1,0
2716,Mujer,28,26-30,1,0
2717,Mujer,26,26-30,1,0
2718,Mujer,29,26-30,1,1
2719,Hombre,29,26-30,1,1
2720,Mujer,29,26-30,1,1
2721,Hombre,37,36-41,1,1
2722,Mujer,32,31-35,1,0
2723,Hombre,28,26-30,1,0
2724,Hombre,33,31-35,0,1
2725,Hombre,36,36-41,1,1
2726,Hombre,28,26-30,1,0
2727,Hombre,32,31-35,0,1
2728,Hombre,28,26-30,1,1
2729,Hombre,33,31-35,0,1
2730,Hombre,28,26-30,1,0
2731,Mujer,32,31-35,1,1
2732,Mujer,26,26-30,1,1
2733,Mujer,32,31-35,1,0
2734,Hombre,31,31-35,0,1
2735,Hombre,27,26-30,0,0
2736,Hombre,33,31-35,1,0
2737,Mujer,24,18-25,0,0
2738,Mujer,29,26-30,0,0
2739,Hombre,26,26-30,1,1
2740,Mujer,25,18-25,1,1
2741,Mujer,28,26-30,1,0
2742,Mujer,28,26-30,1,1
2743,Hombre,35,31-35,1,1
2744,Hombre,32,31-35,1,0
2745,Hombre,31,31-35,1,0
2746,Hombre,30,26-30,1,0
2747,Mujer,27,26-30,1,1
2748,Mujer,28,26-30,0,0
2749,Mujer,28,26-30,0,0
2750,Hombre,26,26-30,1,1
2751,Hombre,27,26-30,1,0
2752,Mujer,28,26-30,1,1
2753,Hombre,32,31-35,1,1
2754,Mujer,32,31-35,1,0
2755,Mujer,28,26-30,1,1
2756,Mujer,30,26-30,1,1
2757,Hombre,30,26-30,1,0
2758,Hombre,30,26-30,1,0
2759,Mujer,31,31-35,1,0
2760,Mujer,26,26-30,1,0
2761,Mujer,27,26-30,1,1
2762,Mujer,32,31-35,1,0
2763,Mujer,28,26-30,0,1
2764,Hombre,24,18-25,1,0
2765,Hombre,35,31-35,1,0
2766,Hombre,28,26-30,1,0
2767,Hombre,33,31-35,1,0
2768,Hombre,34,31-35,1,1
2769,Mujer,29,26-30,1,1
2770,Mujer,29,26-30,1,0
2771,Hombre,26,26-30,0,1
2772,Hombre,27,26-30,1,0
2773,Mujer,27,26-30,1,1
2774,Hombre,29,26-30,1,0
2775,Mujer,32,31-35,1,0
2776,Mujer,28,26-30,1,1
2777,Hombre,32,31-35,1,1
2778,Mujer,35,31-35,1,0
2779,Mujer,31,31-35,1,1
2780,Hombre,24,18-25,1,0
2781,Mujer,32,31-35,1,1
2782,Mujer,29,26-30,0,0
2783,Hombre,31,31-35,1,0
2784,Hombre,33,31-35,1,0
2785,Hombre,31,31-35,1,1
2786,Mujer,26,26-30,1,1
2787,Hombre,23,18-25,0,1
2788,Hombre,31,31-35,1,1
2789,Mujer,31,31-35,1,1
2790,Mujer,29,26-30,0,1
2791,Mujer,23,18-25,0,1
2792,Hombre,34,31-35,0,0
2793,Hombre,28,26-30,1,1
2794,Hombre,36,36-41,1,0
2795,Hombre,30,26-30,1,1
2796,Mujer,30,26-30,0,1
2797,Hombre,33,31-35,1,0
2798,Mujer,27,26-30,1,1
2799,Mujer,34,31-35,1,1
2800,Hombre,29,26-30,0,1
2801,Hombre,35,31-35,1,1
2802,Hombre,23,18-25,0,1
2803,Mujer,32,31-35,1,1
2804,Hombre,37,36-41,1,0
2805,Hombre,28,26-30,1,0
2806,Hombre,30,26-30,1,1
2807,Mujer,27,26-30,0,1
2808,Hombre,30,26-30,1,1
2809,Hombre,27,26-30,1,0
2810,Hombre,29,26-30,1,1
2811,Mujer,29,26-30,1,1
2812,Hombre,35,31-35,1,1
2813,Mujer,28,26-30,1,1
2814,Hombre,28,26-30,1,1
2815,Hombre,27,26-30,0,1
2816,Hombre,35,31-35,0,1
2817,Hombre,32,31-35,1,1
2818,Mujer,31,31-35,1,0
2819,Hombre,30,26-30,1,1
2820,Mujer,29,26-30,1,0
2821,Hombre,28,26-30,1,0
2822,Mujer,25,18-25,1,0
2823,Mujer,30,26-30,1,1
2824,Mujer,32,31-35,1,0
2825,Mujer,27,26-30,1,0
2826,Hombre,24,18-25,1,1
2827,Mujer,31,31-35,1,1
2828,Mujer,24,18-25,1,0
2829,Hombre,32,31-35,0,0
2830,Hombre,32,31-35,1,1
2831,Mujer,32,31-35,1,1
2832,Hombre,27,26-30,1,1
2833,Mujer,29,26-30,1,1
2834,Mujer,34,31-35,0,0
2835,Hombre,28,26-30,1,0
2836,Hombre,29,26-30,1,1
2837,Mujer,32,31-35,1,0
2838,Mujer,29,26-30,1,0
2839,Hombre,24,18-25,1,0
2840,Mujer,32,31-35,1,0
2841,Mujer,35,31-35,1,0
2842,Hombre,30,26-30,1,0
2843,Mujer,31,31-35,1,0
2844,Mujer,31,31-35,0,1
2845,Mujer,30,26-30,1,1
2846,Hombre,27,26-30,1,0
2847,Mujer,31,31-35,1,0
2848,Hombre,31,31-35,1,1
2849,Hombre,25,18-25,1,0
2850,Mujer,26,26-30,1,1
2851,Hombre,29,26-30,1,0
2852,Hombre,26,26-30,1,0
2853,Hombre,24,18-25,1,0
2854,Hombre,34,31-35,1,1
2855,Mujer,23,18-25,0,1
2856,Hombre,31,31-35,0,0
2857,Mujer,30,26-30,0,1
2858,Mujer,27,26-30,1,1
2859,Hombre,32,31-35,1,1
2860,Hombre,28,26-30,1,1
2861,Mujer,36,36-41,0,0
2862,Hombre,34,31-35,1,0
2863,Mujer,30,26-30,1,1
2864,Hombre,31,31-35,1,1
2865,Mujer,32,31-35,1,1
2866,Hombre,33,31-35,1,0
2867,Hombre,22,18-25,1,0
2868,Hombre,27,26-30,1,0
2869,Hombre,29,26-30,1,0
2870,Mujer,34,31-35,1,0
2871,Mujer,24,18-25,1,1
2872,Hombre,29,26-30,0,0
2873,Mujer,35,31-35,1,1
2874,Hombre,29,26-30,1,0
2875,Mujer,29,26-30,0,0
2876,Mujer,30,26-30,0,0
2877,Mujer,26,26-30,0,0
2878,Hombre,36,36-41,1,0
2879,Mujer,24,18-25,1,1
2880,Mujer,32,31-35,1,0
2881,Hombre,34,31-35,1,0
2882,Hombre,25,18-25,0,1
2883,Hombre,30,26-30,1,1
2884,Mujer,28,26-30,1,0
2885,Mujer,27,26-30,1,1
2886,Mujer,28,26-30,1,0
2887,Mujer,28,26-30,1,0
2888,Hombre,32,31-35,1,0
2889,Mujer,32,31-35,1,0
2890,Mujer,30,26-30,1,1
2891,Mujer,26,26-30,1,1
2892,Mujer,29,26-30,1,1
2893,Mujer,30,26-30,1,1
2894,Mujer,27,26-30,1,1
2895,Mujer,31,31-35,1,1
2896,Hombre,31,31-35,1,0
2897,Mujer,24,18-25,0,0
2898,Mujer,32,31-35,1,0
2899,Hombre,29,26-30,1,1
2900,Hombre,33,31-35,1,0
2901,Mujer,30,26-30,1,0
2902,Hombre,28,26-30,1,0
2903,Mujer,30,26-30,1,0
2904,Mujer,30,26-30,1,1
2905,Hombre,29,26-30,1,0
2906,Mujer,31,31-35,1,0
2907,Mujer,25,18-25,0,1
2908,Hombre,33,31-35,1,1
2909,Mujer,24,18-25,1,0
2910,Hombre,33,31-35,1,1
2911,Hombre,28,26-30,1,0
2912,Hombre,25,18-25,1,0
2913,Mujer,31,31-35,1,0
2914,Hombre,25,18-25,1,0
2915,Mujer,28,26-30,1,0
2916,Mujer,34,31-35,1,1
2917,Hombre,35,31-35,1,0
2918,Hombre,33,31-35,1,0
2919,Mujer,32,31-35,1,1
2920,Mujer,25,18-25,1,0
2921,Hombre,27,26-30,0,0
2922,Hombre,33,31-35,1,1
2923,Hombre,31,31-35,1,0
2924,Hombre,34,31-35,1,0
2925,Mujer,30,26-30,1,1
2926,Mujer,35,31-35,1,0
2927,Hombre,26,26-30,1,0
2928,Hombre,32,31-35,1,1
2929,Mujer,29,26-30,0,0
2930,Mujer,31,31-35,1,0
2931,Hombre,35,31-35,1,0
2932,Mujer,26,26-30,1,1
2933,Mujer,31,31-35,1,1
2934,Hombre,28,26-30,1,0
2935,Hombre,26,26-30,1,0
2936,Hombre,36,36-41,1,0
2937,Hombre,32,31-35,1,0
2938,Mujer,33,31-35,1,1
2939,Hombre,30,26-30,1,1
2940,Hombre,29,26-30,1,0
2941,Hombre,28,26-30,1,1
2942,Hombre,26,26-30,1,1
2943,Mujer,24,18-25,1,0
2944,Hombre,35,31-35,1,0
2945,Mujer,33,31-35,1,1
2946,Mujer,26,26-30,1,1
2947,Mujer,32,31-35,0,0
2948,Hombre,30,26-30,1,0
2949,Hombre,27,26-30,1,0
2950,Mujer,28,26-30,1,0
2951,Mujer,32,31-35,1,0
2952,Mujer,33,31-35,1,1
2953,Mujer,31,31-35,1,0
2954,Mujer,31,31-35,1,1
2955,Hombre,30,26-30,1,0
2956,Mujer,33,31-35,1,1
2957,Hombre,32,31-35,1,1
2958,Mujer,35,31-35,0,1
2959,Mujer,26,26-30,0,1
2960,Mujer,38,36-41,1,0
2961,Hombre,33,31-35,0,1
2962,Hombre,32,31-35,0,1
2963,Hombre,33,31-35,1,1
2964,Mujer,30,26-30,0,0
2965,Mujer,32,31-35,1,0
2966,Hombre,28,26-30,1,0
2967,Hombre,28,26-30,1,1
2968,Mujer,28,26-30,0,1
2969,Mujer,29,26-30,1,1
2970,Mujer,28,26-30,1,1
2971,Mujer,25,18-25,1,0
2972,Hombre,28,26-30,1,0
2973,Mujer,26,26-30,0,1
2974,Mujer,18,18-25,1,0
2975,Hombre,30,26-30,1,0
2976,Hombre,32,31-35,1,1
2977,Mujer,33,31-35,1,0
2978,Mujer,33,31-35,1,1
2979,Hombre,31,31-35,1,1
2980,Mujer,31,31-35,1,1
2981,Mujer,32,31-35,1,1
2982,Mujer,30,26-30,1,1
2983,Mujer,21,18-25,0,1
2984,Mujer,34,31-35,1,1
2985,Hombre,27,26-30,1,1
2986,Hombre,31,31-35,1,1
2987,Mujer,29,26-30,1,1
2988,Mujer,35,31-35,1,0
2989,Hombre,30,26-30,0,1
2990,Mujer,38,36-41,1,0
2991,Mujer,27,26-30,1,0
2992,Mujer,25,18-25,1,1
2993,Hombre,24,18-25,0,1
2994,Hombre,29,26-30,0,1
2995,Hombre,37,36-41,1,1
2996,Hombre,37,36-41,1,1
2997,Mujer,30,26-30,1,1
2998,Hombre,30,26-30,1,1
2999,Mujer,29,26-30,1,1
3000,Hombre,26,26-30,1,1
3001,Hombre,33,31-35,0,1
3002,Hombre,27,26-30,1,1
3003,Mujer,27,26-30,1,1
3004,Hombre,31,31-35,1,1
3005,Mujer,31,31-35,1,0
3006,Hombre,24,18-25,1,0
3007,Hombre,31,31-35,0,1
3008,Hombre,28,26-30,1,0
3009,Hombre,29,26-30,0,1
3010,Mujer,26,26-30,0,1
3011,Mujer,30,26-30,1,0
3012,Hombre,24,18-25,1,0
3013,Mujer,27,26-30,0,0
3014,Hombre,27,26-30,0,0
3015,Mujer,27,26-30,1,0
3016,Hombre,31,31-35,0,0
3017,Hombre,30,26-30,1,0
3018,Hombre,25,18-25,1,0
3019,Mujer,30,26-30,0,0
3020,Mujer,27,26-30,1,1
3021,Hombre,31,31-35,1,1
3022,Hombre,31,31-35,1,1
3023,Mujer,27,26-30,1,1
3024,Mujer,29,26-30,1,1
3025,Hombre,30,26-30,1,0
3026,Hombre,27,26-30,1,1
3027,Hombre,32,31-35,1,0
3028,Mujer,30,26-30,1,0
3029,Hombre,34,31-35,1,0
3030,Mujer,29,26-30,1,1
3031,Mujer,32,31-35,0,1
3032,Hombre,29,26-30,0,1
3033,Hombre,27,26-30,1,1
3034,Hombre,26,26-30,0,0
3035,Mujer,22,18-25,1,0
3036,Mujer,31,31-35,1,1
3037,Mujer,34,31-35,1,1
3038,Hombre,29,26-30,1,0
3039,Hombre,34,31-35,1,1
3040,Mujer,29,26-30,1,1
3041,Mujer,26,26-30,0,0
3042,Mujer,28,26-30,0,0
3043,Mujer,36,36-41,1,0
3044,Mujer,33,31-35,1,1
3045,Hombre,33,31-35,1,0
3046,Hombre,27,26-30,1,0
3047,Mujer,31,31-35,1,0
3048,Hombre,34,31-35,1,1
3049,Hombre,29,26-30,1,0
3050,Mujer,30,26-30,1,1
3051,Hombre,35,31-35,1,0
3052,Hombre,35,31-35,1,0
3053,Mujer,29,26-30,1,1
3054,Mujer,30,26-30,1,1
3055,Mujer,29,26-30,0,0
3056,Hombre,29,26-30,1,1
3057,Mujer,28,26-30,0,1
3058,Hombre,23,18-25,0,0
3059,Mujer,32,31-35,1,1
3060,Mujer,33,31-35,1,1
3061,Hombre,32,31-35,1,0
3062,Hombre,31,31-35,1,1
3063,Hombre,34,31-35,1,1
3064,Mujer,32,31-35,1,1
3065,Mujer,25,18-25,1,1
3066,Hombre,29,26-30,0,1
3067,Mujer,30,26-30,1,1
3068,Mujer,29,26-30,1,0
3069,Hombre,38,36-41,1,0
3070,Mujer,31,31-35,1,1
3071,Mujer,26,26-30,1,0
3072,Mujer,25,18-25,1,0
3073,Mujer,28,26-30,1,1
3074,Hombre,30,26-30,0,0
3075,Hombre,28,26-30,1,1
3076,Mujer,25,18-25,1,1
3077,Hombre,27,26-30,1,0
3078,Hombre,30,26-30,0,1
3079,Hombre,29,26-30,1,0
3080,Hombre,29,26-30,1,1
3081,Mujer,29,26-30,1,1
3082,Mujer,32,31-35,0,0
3083,Mujer,24,18-25,0,1
3084,Hombre,29,26-30,1,0
3085,Hombre,29,26-30,1,0
3086,Hombre,27,26-30,1,1
3087,Hombre,27,26-30,1,0
3088,Hombre,24,18-25,1,1
3089,Mujer,26,26-30,0,0
3090,Mujer,32,31-35,1,0
3091,Hombre,33,31-35,1,1
3092,Mujer,24,18-25,0,0
3093,Hombre,33,31-35,1,0
3094,Mujer,22,18-25,1,0
3095,Hombre,33,31-35,1,1
3096,Mujer,35,31-35,1,0
3097,Hombre,32,31-35,1,1
3098,Mujer,29,26-30,1,0
3099,Hombre,27,26-30,1,1
3100,Hombre,30,26-30,1,0
3101,Hombre,30,26-30,1,0
3102,Hombre,27,26-30,1,0
3103,Mujer,32,31-35,1,1
3104,Mujer,31,31-35,1,1
3105,Hombre,32,31-35,1,0
3106,Mujer,34,31-35,1,0
3107,Hombre,24,18-25,1,0
3108,Hombre,24,18-25,1,0
3109,Mujer,31,31-35,0,1
3110,Hombre,28,26-30,1,0
3111,Hombre,27,26-30,1,1
3112,Hombre,29,26-30,1,0
3113,Mujer,35,31-35,1,0
3114,Mujer,27,26-30,1,0
3115,Hombre,26,26-30,1,1
3116,Hombre,31,31-35,1,1
3117,Hombre,29,26-30,0,0
3118,Mujer,31,31-35,1,1
3119,Hombre,32,31-35,1,0
3120,Mujer,26,26-30,1,0
3121,Mujer,27,26-30,1,0
3122,Mujer,27,26-30,1,1
3123,Mujer,27,26-30,1,0
3124,Mujer,28,26-30,1,1
3125,Hombre,27,26-30,1,0
3126,Mujer,29,26-30,0,1
3127,Mujer,18,18-25,0,1
3128,Hombre,33,31-35,1,1
3129,Mujer,31,31-35,1,1
3130,Hombre,29,26-30,1,1
3131,Hombre,32,31-35,1,0
3132,Hombre,30,26-30,1,1
3133,Hombre,25,18-25,1,0
3134,Hombre,32,31-35,1,1
3135,Mujer,33,31-35,1,1
3136,Hombre,28,26-30,0,0
3137,Hombre,29,26-30,1,0
3138,Hombre,29,26-30,1,0
3139,Hombre,27,26-30,1,1
3140,Hombre,26,26-30,1,0
3141,Hombre,25,18-25,1,0
3142,Mujer,30,26-30,1,0
3143,Hombre,27,26-30,1,1
3144,Hombre,30,26-30,1,1
3145,Hombre,28,26-30,1,1
3146,Hombre,27,26-30,1,0
3147,Hombre,31,31-35,1,0
3148,Hombre,28,26-30,1,1
3149,Hombre,31,31-35,1,1
3150,Hombre,28,26-30,1,1
3151,Hombre,30,26-30,0,1
3152,Hombre,28,26-30,1,1
3153,Hombre,32,31-35,1,1
3154,Mujer,32,31-35,1,1
3155,Hombre,26,26-30,1,0
3156,Hombre,35,31-35,1,1
3157,Mujer,27,26-30,1,0
3158,Mujer,31,31-35,1,0
3159,Hombre,29,26-30,1,1
3160,Hombre,26,26-30,0,1
3161,Mujer,33,31-35,1,0
3162,Mujer,31,31-35,1,0
3163,Hombre,30,26-30,1,1
3164,Mujer,30,26-30,1,0
3165,Mujer,26,26-30,0,0
3166,Hombre,32,31-35,1,1
3167,Hombre,30,26-30,1,1
3168,Hombre,28,26-30,1,1
3169,Mujer,24,18-25,1,1
3170,Mujer,25,18-25,1,0
3171,Hombre,30,26-30,1,0
3172,Mujer,28,26-30,1,0
3173,Hombre,36,36-41,1,0
3174,Hombre,29,26-30,0,1
3175,Hombre,32,31-35,1,0
3176,Hombre,35,31-35,1,0
3177,Mujer,25,18-25,1,0
3178,Hombre,25,18-25,1,1
3179,Mujer,29,26-30,1,1
3180,Hombre,25,18-25,1,0
3181,Hombre,29,26-30,1,1
3182,Hombre,29,26-30,0,1
3183,Hombre,29,26-30,1,1
3184,Hombre,27,26-30,1,1
3185,Mujer,30,26-30,1,0
3186,Mujer,31,31-35,1,0
3187,Hombre,29,26-30,1,1
3188,Hombre,31,31-35,1,1
3189,Mujer,29,26-30,1,1
3190,Hombre,35,31-35,1,0
3191,Hombre,28,26-30,1,1
3192,Hombre,20,18-25,1,0
3193,Mujer,33,31-35,1,1
3194,Mujer,30,26-30,1,0
3195,Hombre,34,31-35,1,0
3196,Hombre,34,31-35,1,0
3197,Mujer,36,36-41,0,0
3198,Mujer,23,18-25,1,1
3199,Mujer,29,26-30,0,0
3200,Mujer,28,26-30,1,1
3201,Mujer,29,26-30,1,1
3202,Hombre,30,26-30,1,0
3203,Mujer,30,26-30,1,0
3204,Hombre,26,26-30,1,1
3205,Mujer,28,26-30,1,0
3206,Hombre,29,26-30,1,1
3207,Mujer,28,26-30,1,1
3208,Hombre,30,26-30,0,0
3209,Mujer,31,31-35,1,1
3210,Hombre,30,26-30,1,0
3211,Mujer,33,31-35,1,1
3212,Mujer,27,26-30,1,0
3213,Hombre,31,31-35,0,1
3214,Mujer,29,26-30,1,1
3215,Hombre,27,26-30,1,0
3216,Hombre,31,31-35,1,0
3217,Mujer,30,26-30,1,0
3218,Mujer,24,18-25,1,0
3219,Mujer,33,31-35,1,0
3220,Hombre,24,18-25,1,0
3221,Mujer,27,26-30,0,0
3222,Hombre,31,31-35,1,1
3223,Hombre,29,26-30,1,1
3224,Mujer,33,31-35,1,0
3225,Hombre,30,26-30,1,1
3226,Mujer,33,31-35,1,0
3227,Hombre,27,26-30,1,1
3228,Mujer,34,31-35,1,1
3229,Hombre,30,26-30,1,0
3230,Hombre,28,26-30,0,1
3231,Mujer,29,26-30,1,1
3232,Hombre,28,26-30,1,1
3233,Hombre,25,18-25,1,1
3234,Hombre,31,31-35,1,0
3235,Mujer,25,18-25,1,1
3236,Mujer,31,31-35,1,1
3237,Hombre,34,31-35,1,0
3238,Mujer,26,26-30,1,1
3239,Hombre,28,26-30,1,0
3240,Mujer,33,31-35,1,1
3241,Mujer,25,18-25,1,0
3242,Hombre,27,26-30,0,0
3243,Mujer,29,26-30,1,1
3244,Hombre,31,31-35,1,0
3245,Hombre,35,31-35,0,1
3246,Mujer,25,18-25,0,0
3247,Mujer,25,18-25,0,0
3248,Mujer,29,26-30,0,0
3249,Mujer,33,31-35,1,0
3250,Hombre,28,26-30,1,0
3251,Mujer,28,26-30,1,1
3252,Hombre,30,26-30,0,1
3253,Hombre,32,31-35,1,0
3254,Mujer,30,26-30,1,1
3255,Mujer,30,26-30,1,0
3256,Hombre,30,26-30,1,0
3257,Mujer,28,26-30,1,0
3258,Hombre,30,26-30,1,1
3259,Mujer,31,31-35,1,1
3260,Mujer,32,31-35,1,0
3261,Mujer,23,18-25,0,1
3262,Hombre,32,31-35,1,1
3263,Mujer,25,18-25,1,1
3264,Mujer,29,26-30,1,0
3265,Mujer,29,26-30,1,1
3266,Hombre,29,26-30,1,1
3267,Hombre,32,31-35,1,1
3268,Hombre,25,18-25,1,1
3269,Hombre,24,18-25,0,0
3270,Mujer,32,31-35,1,1
3271,Hombre,33,31-35,1,0
3272,Hombre,26,26-30,1,1
3273,Hombre,25,18-25,1,1
3274,Mujer,29,26-30,0,1
3275,Mujer,26,26-30,1,1
3276,Hombre,32,31-35,1,0
3277,Mujer,29,26-30,1,1
3278,Mujer,29,26-30,1,1
3279,Mujer,31,31-35,0,0
3280,Hombre,32,31-35,1,0
3281,Hombre,29,26-30,1,0
3282,Hombre,31,31-35,1,1
3283,Mujer,30,26-30,1,0
3284,Hombre,37,36-41,1,0
3285,Mujer,32,31-35,1,1
3286,Hombre,24,18-25,1,0
3287,Hombre,31,31-35,1,0
3288,Hombre,30,26-30,1,0
3289,Mujer,30,26-30,1,0
3290,Hombre,24,18-25,1,1
3291,Hombre,29,26-30,1,1
3292,Hombre,33,31-35,1,1
3293,Mujer,35,31-35,1,0
3294,Hombre,37,36-41,1,0
3295,Mujer,33,31-35,0,0
3296,Hombre,30,26-30,1,0
3297,Mujer,29,26-30,1,0
3298,Mujer,28,26-30,1,1
3299,Mujer,25,18-25,1,0
3300,Hombre,27,26-30,1,0
3301,Hombre,26,26-30,1,1
3302,Mujer,27,26-30,0,0
3303,Hombre,27,26-30,1,0
3304,Hombre,30,26-30,0,0
3305,Hombre,31,31-35,0,1
3306,Mujer,28,26-30,1,0
3307,Hombre,28,26-30,0,1
3308,Mujer,27,26-30,1,1
3309,Hombre,21,18-25,1,0
3310,Hombre,31,31-35,1,0
3311,Hombre,26,26-30,0,0
3312,Mujer,29,26-30,1,0
3313,Mujer,27,26-30,1,0
3314,Mujer,30,26-30,1,0
3315,Mujer,20,18-25,1,0
3316,Hombre,30,26-30,1,1
3317,Hombre,31,31-35,1,0
3318,Mujer,23,18-25,0,1
3319,Mujer,28,26-30,1,0
3320,Hombre,31,31-35,0,1
3321,Hombre,34,31-35,1,0
3322,Hombre,31,31-35,1,0
3323,Hombre,30,26-30,1,0
3324,Mujer,27,26-30,0,1
3325,Mujer,28,26-30,1,0
3326,Hombre,28,26-30,1,1
3327,Hombre,28,26-30,0,0
3328,Hombre,28,26-30,1,0
3329,Hombre,31,31-35,1,0
3330,Mujer,33,31-35,1,1
3331,Mujer,26,26-30,1,0
3332,Hombre,32,31-35,1,0
3333,Mujer,30,26-30,1,1
3334,Hombre,33,31-35,1,1
3335,Hombre,33,31-35,1,1
3336,Mujer,24,18-25,1,1
3337,Mujer,32,31-35,0,1
3338,Mujer,29,26-30,1,0
3339,Hombre,30,26-30,0,1
3340,Mujer,25,18-25,1,0
3341,Mujer,29,26-30,1,1
3342,Hombre,33,31-35,0,1
3343,Hombre,32,31-35,1,0
3344,Mujer,25,18-25,1,0
3345,Hombre,30,26-30,1,1
3346,Mujer,29,26-30,1,0
3347,Mujer,33,31-35,1,0
3348,Hombre,25,18-25,0,1
3349,Mujer,29,26-30,0,1
3350,Mujer,30,26-30,1,0
3351,Hombre,32,31-35,1,0
3352,Mujer,33,31-35,1,0
3353,Mujer,22,18-25,1,1
3354,Hombre,26,26-30,1,0
3355,Hombre,20,18-25,0,0
3356,Mujer,30,26-30,1,0
3357,Mujer,28,26-30,1,0
3358,Mujer,25,18-25,1,1
3359,Hombre,29,26-30,1,0
3360,Hombre,27,26-30,0,1
3361,Hombre,29,26-30,1,0
3362,Mujer,29,26-30,0,0
3363,Mujer,28,26-30,1,1
3364,Hombre,27,26-30,1,0
3365,Mujer,29,26-30,1,0
3366,Hombre,29,26-30,1,1
3367,Hombre,31,31-35,1,1
3368,Hombre,27,26-30,0,1
3369,Hombre,28,26-30,1,0
3370,Hombre,27,26-30,1,1
3371,Mujer,34,31-35,1,0
3372,Hombre,36,36-41,1,1
3373,Mujer,29,26-30,0,0
3374,Hombre,38,36-41,1,1
3375,Mujer,32,31-35,1,1
3376,Hombre,34,31-35,1,1
3377,Mujer,34,31-35,1,1
3378,Mujer,26,26-30,1,1
3379,Mujer,29,26-30,1,1
3380,Hombre,34,31-35,1,0
3381,Mujer,31,31-35,0,1
3382,Mujer,23,18-25,1,1
3383,Mujer,21,18-25,1,1
3384,Hombre,30,26-30,1,0
3385,Mujer,33,31-35,1,0
3386,Mujer,24,18-25,1,1
3387,Hombre,28,26-30,1,0
3388,Hombre,32,31-35,1,1
3389,Hombre,31,31-35,1,0
3390,Hombre,32,31-35,1,0
3391,Hombre,32,31-35,1,1
3392,Mujer,28,26-30,1,0
3393,Mujer,31,31-35,1,0
3394,Hombre,31,31-35,1,0
3395,Mujer,32,31-35,0,0
3396,Mujer,31,31-35,1,0
3397,Mujer,32,31-35,1,1
3398,Hombre,29,26-30,0,1
3399,Hombre,31,31-35,1,1
3400,Mujer,25,18-25,0,1
3401,Mujer,29,26-30,1,0
3402,Mujer,35,31-35,1,0
3403,Hombre,32,31-35,1,1
3404,Hombre,31,31-35,0,1
3405,Hombre,31,31-35,1,0
3406,Mujer,23,18-25,1,0
3407,Mujer,31,31-35,1,1
3408,Mujer,29,26-30,1,1
3409,Mujer,33,31-35,1,0
3410,Hombre,29,26-30,1,1
3411,Hombre,37,36-41,1,1
3412,Mujer,23,18-25,1,0
3413,Hombre,37,36-41,1,1
3414,Mujer,25,18-25,1,0
3415,Mujer,28,26-30,1,0
3416,Hombre,28,26-30,1,0
3417,Hombre,28,26-30,1,1
3418,Hombre,30,26-30,1,0
3419,Mujer,27,26-30,1,1
3420,Hombre,23,18-25,1,0
3421,Mujer,32,31-35,1,1
3422,Mujer,32,31-35,1,0
3423,Hombre,36,36-41,0,1
3424,Hombre,31,31-35,1,1
3425,Hombre,29,26-30,1,0
3426,Mujer,31,31-35,1,0
3427,Hombre,32,31-35,1,0
3428,Mujer,28,26-30,1,1
3429,Mujer,32,31-35,1,1
3430,Mujer,34,31-35,1,1
3431,Hombre,34,31-35,1,0
3432,Mujer,30,26-30,0,0
3433,Mujer,27,26-30,1,1
3434,Mujer,25,18-25,0,1
3435,Hombre,28,26-30,1,0
3436,Hombre,27,26-30,1,1
3437,Hombre,29,26-30,1,0
3438,Hombre,32,31-35,1,1
3439,Hombre,29,26-30,1,0
3440,Hombre,28,26-30,1,1
3441,Hombre,26,26-30,1,1
3442,Hombre,31,31-35,1,0
3443,Hombre,27,26-30,1,0
3444,Mujer,34,31-35,1,1
3445,Mujer,34,31-35,1,1
3446,Mujer,31,31-35,1,1
3447,Mujer,32,31-35,0,0
3448,Mujer,29,26-30,1,1
3449,Mujer,28,26-30,0,0
3450,Mujer,24,18-25,1,0
3451,Mujer,27,26-30,1,0
3452,Hombre,24,18-25,1,0
3453,Mujer,25,18-25,1,0
3454,Hombre,24,18-25,1,1
3455,Mujer,31,31-35,1,0
3456,Hombre,30,26-30,1,1
3457,Hombre,25,18-25,1,0
3458,Hombre,30,26-30,1,1
3459,Mujer,34,31-35,1,1
3460,Hombre,31,31-35,1,1
3461,Hombre,27,26-30,1,0
3462,Mujer,28,26-30,1,0
3463,Hombre,32,31-35,0,1
3464,Mujer,26,26-30,1,1
3465,Mujer,28,26-30,1,1
3466,Mujer,28,26-30,1,1
3467,Hombre,29,26-30,1,0
3468,Mujer,29,26-30,1,0
3469,Hombre,26,26-30,1,1
3470,Hombre,30,26-30,1,1
3471,Mujer,33,31-35,1,0
3472,Hombre,26,26-30,1,1
3473,Hombre,33,31-35,1,1
3474,Mujer,25,18-25,1,0
3475,Hombre,29,26-30,1,0
3476,Mujer,35,31-35,1,1
3477,Mujer,32,31-35,1,1
3478,Hombre,25,18-25,1,0
3479,Hombre,28,26-30,1,1
3480,Mujer,27,26-30,1,1
3481,Mujer,29,26-30,1,0
3482,Mujer,26,26-30,1,1
3483,Hombre,29,26-30,1,0
3484,Mujer,38,36-41,1,1
3485,Mujer,27,26-30,1,1
3486,Mujer,32,31-35,1,1
3487,Mujer,31,31-35,1,1
3488,Hombre,28,26-30,1,0
3489,Hombre,28,26-30,1,0
3490,Hombre,26,26-30,1,1
3491,Mujer,32,31-35,0,1
3492,Mujer,33,31-35,1,0
3493,Mujer,27,26-30,1,0
3494,Mujer,29,26-30,1,1
3495,Mujer,27,26-30,1,1
3496,Hombre,27,26-30,1,0
3497,Hombre,32,31-35,1,0
3498,Mujer,27,26-30,1,0
3499,Hombre,30,26-30,1,0
3500,Mujer,32,31-35,1,1
3501,Hombre,25,18-25,1,1
3502,Mujer,33,31-35,0,0
3503,Mujer,27,26-30,1,1
3504,Mujer,34,31-35,1,1
3505,Hombre,36,36-41,1,0
3506,Mujer,31,31-35,1,0
3507,Mujer,30,26-30,1,1
3508,Mujer,28,26-30,1,1
3509,Mujer,28,26-30,1,0
3510,Hombre,30,26-30,1,1
3511,Hombre,33,31-35,1,1
3512,Hombre,26,26-30,1,0
3513,Hombre,27,26-30,0,0
3514,Mujer,26,26-30,1,1
3515,Hombre,25,18-25,0,0
3516,Hombre,33,31-35,1,1
3517,Mujer,27,26-30,1,0
3518,Hombre,31,31-35,1,0
3519,Hombre,34,31-35,1,0
3520,Mujer,27,26-30,1,1
3521,Hombre,30,26-30,1,1
3522,Mujer,30,26-30,1,1
3523,Hombre,21,18-25,1,0
3524,Hombre,33,31-35,1,0
3525,Mujer,31,31-35,1,1
3526,Hombre,28,26-30,1,1
3527,Mujer,29,26-30,0,0
3528,Mujer,25,18-25,0,1
3529,Mujer,34,31-35,1,0
3530,Hombre,28,26-30,1,1
3531,Mujer,24,18-25,1,0
3532,Hombre,32,31-35,1,1
3533,Hombre,28,26-30,1,1
3534,Mujer,30,26-30,1,0
3535,Mujer,26,26-30,1,1
3536,Mujer,33,31-35,1,0
3537,Mujer,27,26-30,1,1
3538,Mujer,33,31-35,1,0
3539,Hombre,28,26-30,1,0
3540,Hombre,28,26-30,1,1
3541,Hombre,29,26-30,0,0
3542,Mujer,29,26-30,1,1
3543,Hombre,29,26-30,1,1
3544,Hombre,32,31-35,1,0
3545,Mujer,28,26-30,0,1
3546,Hombre,29,26-30,1,1
3547,Hombre,29,26-30,1,1
3548,Mujer,25,18-25,1,0
3549,Mujer,24,18-25,1,1
3550,Mujer,31,31-35,0,1
3551,Mujer,32,31-35,1,0
3552,Mujer,27,26-30,1,0
3553,Hombre,28,26-30,1,1
3554,Hombre,39,36-41,0,1
3555,Mujer,29,26-30,1,0
3556,Mujer,29,26-30,1,0
3557,Mujer,35,31-35,1,0
3558,Hombre,32,31-35,0,1
3559,Hombre,25,18-25,1,0
3560,Hombre,23,18-25,0,1
3561,Mujer,29,26-30,1,0
3562,Hombre,23,18-25,1,0
3563,Mujer,30,26-30,1,1
3564,Mujer,30,26-30,1,1
3565,Mujer,31,31-35,1,0
3566,Mujer,35,31-35,1,1
3567,Hombre,30,26-30,1,1
3568,Hombre,28,26-30,0,1
3569,Hombre,25,18-25,1,0
3570,Mujer,34,31-35,1,1
3571,Mujer,32,31-35,1,1
3572,Hombre,30,26-30,1,0
3573,Hombre,32,31-35,1,0
3574,Mujer,28,26-30,1,0
3575,Mujer,35,31-35,1,1
3576,Mujer,26,26-30,1,0
3577,Mujer,25,18-25,1,1
3578,Mujer,26,26-30,0,0
3579,Hombre,28,26-30,1,1
3580,Mujer,35,31-35,1,1
3581,Hombre,30,26-30,1,1
3582,Mujer,29,26-30,1,1
3583,Mujer,23,18-25,1,0
3584,Mujer,33,31-35,1,1
3585,Hombre,28,26-30,1,1
3586,Hombre,36,36-41,1,1
3587,Hombre,29,26-30,1,1
3588,Mujer,31,31-35,1,1
3589,Mujer,33,31-35,1,0
3590,Mujer,34,31-35,1,1
3591,Mujer,32,31-35,1,1
3592,Mujer,26,26-30,0,0
3593,Hombre,25,18-25,0,1
3594,Mujer,32,31-35,1,0
3595,Hombre,31,31-35,1,0
3596,Hombre,24,18-25,1,0
3597,Hombre,25,18-25,1,1
3598,Mujer,37,36-41,1,0
3599,Mujer,31,31-35,1,1
3600,Mujer,29,26-30,1,1
3601,Mujer,29,26-30,1,1
3602,Mujer,28,26-30,1,0
3603,Hombre,31,31-35,1,0
3604,Mujer,29,26-30,0,0
3605,Mujer,33,31-35,0,1
3606,Hombre,31,31-35,0,0
3607,Hombre,31,31-35,1,1
3608,Hombre,28,26-30,1,0
3609,Mujer,31,31-35,1,0
3610,Hombre,32,31-35,1,0
3611,Mujer,26,26-30,1,1
3612,Mujer,27,26-30,1,0
3613,Hombre,33,31-35,1,0
3614,Mujer,29,26-30,1,1
3615,Mujer,23,18-25,1,1
3616,Mujer,34,31-35,1,1
3617,Hombre,26,26-30,1,0
3618,Hombre,19,18-25,1,0
3619,Hombre,21,18-25,1,0
3620,Mujer,26,26-30,1,0
3621,Mujer,24,18-25,1,1
3622,Hombre,27,26-30,1,1
3623,Mujer,34,31-35,1,0
3624,Hombre,35,31-35,1,0
3625,Hombre,35,31-35,1,1
3626,Mujer,32,31-35,1,0
3627,Mujer,26,26-30,1,0
3628,Hombre,34,31-35,1,1
3629,Mujer,28,26-30,0,0
3630,Hombre,29,26-30,1,0
3631,Mujer,24,18-25,1,1
3632,Mujer,29,26-30,1,1
3633,Mujer,32,31-35,0,0
3634,Hombre,32,31-35,1,0
3635,Hombre,27,26-30,0,0
3636,Hombre,25,18-25,1,0
3637,Hombre,31,31-35,1,1
3638,Mujer,31,31-35,1,1
3639,Mujer,28,26-30,1,1
3640,Hombre,27,26-30,1,0
3641,Hombre,29,26-30,1,1
3642,Hombre,24,18-25,1,0
3643,Hombre,28,26-30,1,0
3644,Hombre,30,26-30,1,0
3645,Mujer,31,31-35,1,0
3646,Hombre,27,26-30,1,1
3647,Mujer,24,18-25,0,0
3648,Hombre,29,26-30,1,0
3649,Mujer,27,26-30,1,1
3650,Mujer,29,26-30,1,0
3651,Hombre,28,26-30,1,0
3652,Mujer,31,31-35,1,0
3653,Hombre,34,31-35,1,0
3654,Hombre,27,26-30,1,1
3655,Hombre,30,26-30,1,0
3656,Hombre,32,31-35,0,0
3657,Hombre,33,31-35,1,0
3658,Mujer,26,26-30,1,0
3659,Mujer,33,31-35,1,0
3660,Mujer,28,26-30,1,0
3661,Mujer,32,31-35,1,1
3662,Mujer,26,26-30,1,1
3663,Hombre,29,26-30,1,0
3664,Hombre,25,18-25,1,0
3665,Hombre,34,31-35,1,0
3666,Hombre,35,31-35,1,1
3667,Mujer,31,31-35,1,0
3668,Hombre,34,31-35,1,0
3669,Mujer,32,31-35,1,1
3670,Hombre,38,36-41,1,1
3671,Mujer,27,26-30,0,1
3672,Mujer,23,18-25,1,1
3673,Mujer,30,26-30,1,0
3674,Hombre,25,18-25,1,1
3675,Hombre,25,18-25,1,1
3676,Mujer,27,26-30,1,1
3677,Mujer,29,26-30,1,1
3678,Hombre,22,18-25,1,0
3679,Mujer,31,31-35,1,0
3680,Hombre,29,26-30,1,0
3681,Mujer,33,31-35,0,1
3682,Hombre,28,26-30,0,0
3683,Mujer,30,26-30,1,0
3684,Hombre,28,26-30,1,0
3685,Mujer,32,31-35,0,0
3686,Hombre,32,31-35,1,0
3687,Hombre,32,31-35,1,0
3688,Mujer,27,26-30,1,1
3689,Mujer,27,26-30,1,1
3690,Hombre,21,18-25,1,0
3691,Mujer,31,31-35,0,1
3692,Hombre,31,31-35,1,1
3693,Hombre,24,18-25,1,1
3694,Hombre,32,31-35,1,0
3695,Mujer,32,31-35,1,0
3696,Hombre,30,26-30,1,1
3697,Hombre,31,31-35,1,0
3698,Mujer,28,26-30,1,0
3699,Hombre,29,26-30,0,0
3700,Mujer,34,31-35,1,1
3701,Hombre,25,18-25,1,1
3702,Hombre,29,26-30,0,0
3703,Hombre,31,31-35,1,1
3704,Mujer,30,26-30,1,0
3705,Hombre,26,26-30,1,0
3706,Mujer,32,31-35,1,1
3707,Hombre,30,26-30,1,0
3708,Hombre,24,18-25,1,0
3709,Hombre,30,26-30,1,1
3710,Hombre,24,18-25,0,0
3711,Mujer,22,18-25,1,1
3712,Hombre,34,31-35,1,1
3713,Hombre,24,18-25,1,1
3714,Mujer,33,31-35,1,1
3715,Hombre,31,31-35,1,0
3716,Mujer,27,26-30,1,0
3717,Mujer,32,31-35,1,0
3718,Hombre,31,31-35,1,1
3719,Hombre,29,26-30,1,1
3720,Mujer,20,18-25,0,0
3721,Mujer,31,31-35,1,0
3722,Hombre,24,18-25,1,0
3723,Hombre,23,18-25,1,1
3724,Mujer,25,18-25,1,0
3725,Mujer,32,31-35,1,0
3726,Mujer,30,26-30,1,1
3727,Mujer,28,26-30,0,1
3728,Hombre,35,31-35,1,0
3729,Hombre,24,18-25,1,0
3730,Hombre,25,18-25,0,1
3731,Mujer,23,18-25,1,1
3732,Hombre,27,26-30,1,0
3733,Hombre,27,26-30,1,0
3734,Hombre,31,31-35,1,0
3735,Hombre,28,26-30,1,0
3736,Hombre,37,36-41,1,0
3737,Mujer,34,31-35,0,1
3738,Mujer,28,26-30,1,0
3739,Mujer,28,26-30,1,0
3740,Mujer,26,26-30,1,1
3741,Hombre,30,26-30,1,0
3742,Hombre,29,26-30,1,1
3743,Mujer,31,31-35,1,0
3744,Hombre,28,26-30,1,0
3745,Hombre,26,26-30,1,0
3746,Mujer,27,26-30,1,1
3747,Mujer,28,26-30,1,1
3748,Hombre,25,18-25,1,1
3749,Hombre,29,26-30,1,0
3750,Hombre,31,31-35,1,1
3751,Mujer,28,26-30,1,0
3752,Mujer,33,31-35,1,1
3753,Mujer,27,26-30,1,0
3754,Hombre,27,26-30,1,0
3755,Hombre,32,31-35,1,0
3756,Hombre,34,31-35,1,1
3757,Hombre,32,31-35,1,1
3758,Hombre,23,18-25,1,1
3759,Hombre,27,26-30,1,1
3760,Mujer,31,31-35,1,0
3761,Mujer,31,31-35,1,0
3762,Hombre,29,26-30,1,0
3763,Hombre,30,26-30,1,0
3764,Hombre,26,26-30,1,0
3765,Hombre,31,31-35,1,0
3766,Hombre,23,18-25,1,0
3767,Hombre,31,31-35,0,0
3768,Mujer,29,26-30,1,0
3769,Mujer,28,26-30,1,0
3770,Hombre,25,18-25,1,0
3771,Mujer,30,26-30,1,0
3772,Hombre,28,26-30,1,0
3773,Mujer,36,36-41,1,1
3774,Mujer,26,26-30,1,0
3775,Hombre,20,18-25,0,0
3776,Mujer,31,31-35,1,0
3777,Hombre,20,18-25,1,1
3778,Mujer,24,18-25,1,0
3779,Hombre,30,26-30,1,1
3780,Hombre,28,26-30,1,0
3781,Hombre,30,26-30,0,0
3782,Hombre,30,26-30,1,0
3783,Hombre,29,26-30,1,0
3784,Mujer,34,31-35,1,1
3785,Mujer,30,26-30,1,1
3786,Hombre,27,26-30,1,1
3787,Hombre,34,31-35,1,0
3788,Hombre,27,26-30,1,1
3789,Mujer,23,18-25,1,1
3790,Mujer,29,26-30,1,0
3791,Hombre,32,31-35,1,1
3792,Mujer,25,18-25,1,1
3793,Mujer,26,26-30,1,0
3794,Hombre,31,31-35,1,0
3795,Mujer,34,31-35,0,1
3796,Mujer,34,31-35,1,1
3797,Hombre,31,31-35,1,1
3798,Mujer,31,31-35,0,0
3799,Hombre,27,26-30,1,1
3800,Mujer,31,31-35,1,0
3801,Mujer,32,31-35,1,0
3802,Mujer,37,36-41,1,1
3803,Hombre,36,36-41,1,0
3804,Mujer,31,31-35,1,0
3805,Hombre,31,31-35,1,0
3806,Hombre,27,26-30,1,0
3807,Hombre,25,18-25,0,1
3808,Hombre,28,26-30,1,1
3809,Mujer,27,26-30,1,1
3810,Mujer,27,26-30,1,0
3811,Hombre,29,26-30,1,1
3812,Mujer,30,26-30,1,1
3813,Hombre,26,26-30,1,0
3814,Mujer,29,26-30,1,0
3815,Mujer,34,31-35,1,1
3816,Mujer,29,26-30,1,1
3817,Hombre,21,18-25,1,1
3818,Hombre,28,26-30,1,1
3819,Mujer,27,26-30,1,1
3820,Hombre,32,31-35,0,1
3821,Mujer,36,36-41,1,0
3822,Mujer,33,31-35,1,1
3823,Mujer,28,26-30,1,0
3824,Hombre,25,18-25,0,1
3825,Mujer,28,26-30,1,0
3826,Hombre,27,26-30,0,1
3827,Mujer,29,26-30,1,1
3828,Hombre,35,31-35,1,1
3829,Mujer,24,18-25,1,1
3830,Hombre,33,31-35,1,0
3831,Hombre,26,26-30,0,0
3832,Hombre,29,26-30,0,1
3833,Hombre,26,26-30,1,0
3834,Mujer,29,26-30,1,0
3835,Mujer,29,26-30,0,0
3836,Hombre,22,18-25,1,1
3837,Hombre,25,18-25,0,0
3838,Mujer,29,26-30,1,1
3839,Mujer,28,26-30,1,0
3840,Mujer,31,31-35,1,1
3841,Hombre,24,18-25,0,0
3842,Mujer,23,18-25,0,1
3843,Mujer,30,26-30,1,1
3844,Hombre,26,26-30,1,1
3845,Hombre,30,26-30,1,1
3846,Mujer,32,31-35,0,1
3847,Mujer,33,31-35,1,0
3848,Mujer,26,26-30,1,0
3849,Hombre,36,36-41,1,1
3850,Mujer,24,18-25,1,0
3851,Mujer,34,31-35,1,1
3852,Hombre,31,31-35,1,1
3853,Hombre,30,26-30,0,0
3854,Hombre,28,26-30,1,0
3855,Hombre,28,26-30,0,1
3856,Mujer,27,26-30,1,1
3857,Mujer,32,31-35,1,0
3858,Hombre,31,31-35,0,0
3859,Hombre,26,26-30,1,1
3860,Mujer,34,31-35,1,0
3861,Mujer,30,26-30,1,1
3862,Hombre,22,18-25,1,0
3863,Mujer,33,31-35,0,1
3864,Mujer,30,26-30,1,1
3865,Hombre,26,26-30,1,1
3866,Mujer,26,26-30,1,0
3867,Hombre,30,26-30,1,0
3868,Mujer,31,31-35,1,0
3869,Hombre,29,26-30,0,0
3870,Hombre,31,31-35,0,0
3871,Hombre,30,26-30,1,0
3872,Hombre,28,26-30,1,1
3873,Mujer,22,18-25,1,0
3874,Hombre,29,26-30,1,0
3875,Mujer,32,31-35,1,0
3876,Mujer,28,26-30,1,0
3877,Mujer,32,31-35,1,1
3878,Hombre,33,31-35,0,1
3879,Hombre,30,26-30,1,0
3880,Mujer,32,31-35,1,0
3881,Mujer,32,31-35,1,1
3882,Mujer,28,26-30,1,1
3883,Mujer,32,31-35,1,0
3884,Mujer,32,31-35,1,1
3885,Mujer,28,26-30,1,1
3886,Mujer,27,26-30,0,0
3887,Hombre,32,31-35,1,1
3888,Mujer,31,31-35,1,1
3889,Hombre,26,26-30,1,1
3890,Hombre,34,31-35,0,0
3891,Hombre,26,26-30,1,0
3892,Hombre,34,31-35,1,0
3893,Mujer,27,26-30,1,1
3894,Mujer,30,26-30,1,0
3895,Mujer,26,26-30,1,0
3896,Hombre,29,26-30,1,1
3897,Mujer,31,31-35,1,0
3898,Hombre,31,31-35,1,1
3899,Mujer,27,26-30,0,0
3900,Mujer,34,31-35,1,1
3901,Mujer,26,26-30,1,1
3902,Mujer,31,31-35,1,0
3903,Mujer,32,31-35,1,1
3904,Mujer,30,26-30,0,0
3905,Hombre,31,31-35,1,0
3906,Mujer,28,26-30,1,0
3907,Mujer,27,26-30,0,0
3908,Mujer,21,18-25,0,0
3909,Mujer,33,31-35,1,0
3910,Hombre,31,31-35,1,0
3911,Mujer,27,26-30,1,0
3912,Hombre,28,26-30,1,0
3913,Mujer,32,31-35,1,1
3914,Hombre,33,31-35,1,1
3915,Mujer,33,31-35,0,1
3916,Hombre,31,31-35,1,0
3917,Hombre,24,18-25,0,0
3918,Mujer,32,31-35,1,1
3919,Hombre,26,26-30,1,0
3920,Mujer,23,18-25,1,1
3921,Hombre,32,31-35,1,0
3922,Mujer,31,31-35,1,1
3923,Mujer,30,26-30,1,0
3924,Mujer,32,31-35,1,1
3925,Mujer,30,26-30,1,1
3926,Hombre,35,31-35,1,1
3927,Hombre,23,18-25,1,0
3928,Mujer,30,26-30,1,1
3929,Mujer,28,26-30,1,0
3930,Hombre,29,26-30,1,0
3931,Hombre,36,36-41,0,0
3932,Mujer,26,26-30,0,0
3933,Mujer,28,26-30,1,0
3934,Mujer,31,31-35,1,1
3935,Mujer,29,26-30,1,0
3936,Mujer,34,31-35,1,0
3937,Mujer,31,31-35,0,0
3938,Mujer,29,26-30,1,1
3939,Hombre,23,18-25,1,0
3940,Mujer,30,26-30,1,0
3941,Hombre,36,36-41,1,0
3942,Hombre,28,26-30,1,0
3943,Hombre,26,26-30,0,1
3944,Mujer,33,31-35,1,1
3945,Mujer,26,26-30,1,1
3946,Hombre,27,26-30,1,0
3947,Hombre,24,18-25,1,1
3948,Hombre,27,26-30,0,0
3949,Hombre,26,26-30,1,1
3950,Mujer,24,18-25,1,0
3951,Hombre,26,26-30,1,0
3952,Hombre,28,26-30,1,0
3953,Hombre,34,31-35,1,1
3954,Mujer,30,26-30,1,1
3955,Mujer,26,26-30,1,0
3956,Hombre,29,26-30,0,1
3957,Hombre,31,31-35,1,1
3958,Hombre,30,26-30,1,0
3959,Hombre,28,26-30,1,1
3960,Mujer,32,31-35,1,0
3961,Hombre,28,26-30,1,0
3962,Mujer,35,31-35,1,1
3963,Mujer,29,26-30,1,0
3964,Mujer,31,31-35,1,0
3965,Hombre,29,26-30,1,0
3966,Hombre,27,26-30,1,0
3967,Mujer,30,26-30,1,1
3968,Hombre,32,31-35,0,1
3969,Hombre,31,31-35,1,0
3970,Hombre,29,26-30,1,0
3971,Mujer,35,31-35,1,0
3972,Hombre,31,31-35,1,0
3973,Mujer,26,26-30,1,0
3974,Mujer,28,26-30,1,0
3975,Mujer,30,26-30,1,0
3976,Mujer,27,26-30,0,1
3977,Mujer,25,18-25,1,0
3978,Mujer,26,26-30,0,1
3979,Mujer,31,31-35,1,1
3980,Hombre,29,26-30,1,0
3981,Hombre,28,26-30,1,1
3982,Mujer,31,31-35,1,1
3983,Mujer,30,26-30,1,0
3984,Hombre,29,26-30,1,0
3985,Hombre,29,26-30,0,1
3986,Mujer,28,26-30,1,0
3987,Mujer,25,18-25,1,0
3988,Mujer,29,26-30,1,0
3989,Mujer,34,31-35,1,0
3990,Hombre,30,26-30,1,0
3991,Hombre,24,18-25,1,1
3992,Mujer,31,31-35,1,0
3993,Mujer,27,26-30,1,1
3994,Mujer,37,36-41,0,0
3995,Hombre,28,26-30,1,1
3996,Mujer,34,31-35,1,0
3997,Mujer,34,31-35,1,1
3998,Mujer,26,26-30,0,0
3999,Mujer,29,26-30,1,1
4000,Mujer,32,31-35,1,0
4001,Hombre,33,31-35,1,1
4002,Mujer,32,31-35,1,0
4003,Hombre,34,31-35,1,1
4004,Mujer,25,18-25,1,0
4005,Hombre,27,26-30,1,1
4006,Mujer,28,26-30,0,0
4007,Mujer,30,26-30,1,0
4008,Mujer,20,18-25,1,1
4009,Mujer,33,31-35,1,1
4010,Mujer,28,26-30,1,1
4011,Hombre,27,26-30,0,1
4012,Mujer,29,26-30,0,1
4013,Hombre,34,31-35,1,1
4014,Hombre,28,26-30,1,1
4015,Hombre,25,18-25,1,1
4016,Hombre,27,26-30,0,1
4017,Hombre,28,26-30,1,1
4018,Hombre,32,31-35,1,1
4019,Mujer,29,26-30,1,0
4020,Hombre,28,26-30,1,1
4021,Mujer,30,26-30,1,0
4022,Mujer,25,18-25,0,1
4023,Mujer,29,26-30,1,1
4024,Mujer,26,26-30,1,1
4025,Mujer,26,26-30,1,1
4026,Mujer,27,26-30,1,1
4027,Mujer,29,26-30,1,1
4028,Hombre,26,26-30,1,0
4029,Hombre,28,26-30,1,0
4030,Mujer,33,31-35,0,1
4031,Mujer,32,31-35,1,0
4032,Hombre,28,26-30,1,0
4033,Hombre,29,26-30,1,0
4034,Mujer,24,18-25,1,1
4035,Hombre,29,26-30,1,0
4036,Hombre,28,26-30,1,1
4037,Mujer,31,31-35,1,1
4038,Mujer,31,31-35,1,0
4039,Mujer,30,26-30,1,0
4040,Hombre,31,31-35,1,1
4041,Mujer,32,31-35,1,0
4042,Mujer,30,26-30,1,0
4043,Mujer,26,26-30,1,1
4044,Mujer,26,26-30,1,1
4045,Hombre,26,26-30,1,0
4046,Hombre,24,18-25,1,0
4047,Hombre,25,18-25,1,0
4048,Hombre,31,31-35,1,1
4049,Hombre,23,18-25,0,1
4050,Mujer,33,31-35,1,0
4051,Mujer,30,26-30,0,0
4052,Mujer,30,26-30,1,1
4053,Mujer,35,31-35,1,0
4054,Mujer,33,31-35,1,0
4055,Mujer,35,31-35,1,0
4056,Mujer,31,31-35,1,0
4057,Hombre,24,18-25,0,1
4058,Mujer,24,18-25,1,0
4059,Mujer,32,31-35,0,1
4060,Mujer,32,31-35,0,0
4061,Mujer,32,31-35,1,0
4062,Hombre,32,31-35,1,1
4063,Mujer,24,18-25,1,0
4064,Hombre,29,26-30,0,1
4065,Hombre,28,26-30,1,0
4066,Mujer,32,31-35,1,1
4067,Hombre,29,26-30,1,1
4068,Mujer,28,26-30,1,0
4069,Hombre,31,31-35,1,1
4070,Hombre,27,26-30,1,1
4071,Hombre,35,31-35,1,1
4072,Mujer,33,31-35,1,0
4073,Mujer,24,18-25,1,1
4074,Hombre,31,31-35,0,0
4075,Mujer,28,26-30,1,1
4076,Mujer,28,26-30,1,1
4077,Hombre,29,26-30,1,0
4078,Mujer,37,36-41,0,0
4079,Mujer,28,26-30,1,0
4080,Hombre,31,31-35,1,0
4081,Hombre,26,26-30,1,1
4082,Mujer,20,18-25,0,1
4083,Hombre,28,26-30,1,0
4084,Mujer,22,18-25,1,0
4085,Hombre,32,31-35,0,1
4086,Hombre,24,18-25,1,1
4087,Mujer,23,18-25,1,0
4088,Mujer,29,26-30,1,1
4089,Hombre,27,26-30,1,1
4090,Mujer,28,26-30,1,1
4091,Mujer,28,26-30,0,0
4092,Mujer,24,18-25,0,0
4093,Hombre,33,31-35,1,1
4094,Hombre,32,31-35,1,0
4095,Hombre,21,18-25,1,0
4096,Mujer,28,26-30,0,0
4097,Mujer,31,31-35,1,0
4098,Mujer,34,31-35,0,1
4099,Hombre,23,18-25,1,0
4100,Mujer,33,31-35,1,1
4101,Hombre,26,26-30,1,1
4102,Hombre,29,26-30,0,1
4103,Hombre,29,26-30,1,0
4104,Hombre,28,26-30,1,1
4105,Hombre,23,18-25,1,0
4106,Mujer,35,31-35,1,0
4107,Hombre,28,26-30,1,0
4108,Mujer,33,31-35,1,1
4109,Hombre,23,18-25,1,0
4110,Mujer,32,31-35,1,0
4111,Hombre,29,26-30,1,0
4112,Hombre,30,26-30,1,0
4113,Mujer,25,18-25,0,0
4114,Mujer,29,26-30,1,1
4115,Hombre,27,26-30,1,0
4116,Mujer,29,26-30,1,1
4117,Hombre,28,26-30,0,0
4118,Hombre,30,26-30,1,0
4119,Hombre,32,31-35,1,1
4120,Hombre,30,26-30,0,1
4121,Mujer,23,18-25,0,1
4122,Mujer,31,31-35,0,1
4123,Hombre,33,31-35,1,0
4124,Hombre,31,31-35,1,0
4125,Hombre,28,26-30,1,1
4126,Hombre,30,26-30,1,1
4127,Mujer,29,26-30,1,0
4128,Mujer,24,18-25,1,0
4129,Hombre,24,18-25,1,0
4130,Mujer,27,26-30,1,0
4131,Hombre,29,26-30,1,0
4132,Hombre,32,31-35,0,1
4133,Mujer,34,31-35,1,0
4134,Hombre,22,18-25,1,0
4135,Mujer,31,31-35,0,1
4136,Hombre,34,31-35,1,0
4137,Mujer,29,26-30,1,1
4138,Mujer,25,18-25,1,0
4139,Mujer,24,18-25,0,1
4140,Mujer,28,26-30,1,1
4141,Mujer,27,26-30,1,0
4142,Hombre,24,18-25,1,1
4143,Mujer,20,18-25,0,1
4144,Mujer,30,26-30,1,0
4145,Hombre,33,31-35,1,0
4146,Hombre,34,31-35,1,0
4147,Mujer,28,26-30,1,1
4148,Hombre,26,26-30,1,1
4149,Mujer,26,26-30,1,0
4150,Hombre,36,36-41,1,1
4151,Hombre,26,26-30,1,0
4152,Hombre,31,31-35,1,1
4153,Mujer,28,26-30,1,1
4154,Mujer,32,31-35,1,0
4155,Hombre,29,26-30,1,0
4156,Hombre,27,26-30,0,0
4157,Mujer,34,31-35,0,0
4158,Mujer,33,31-35,1,1
4159,Hombre,31,31-35,1,0
4160,Mujer,30,26-30,1,0
4161,Hombre,37,36-41,1,0
4162,Hombre,35,31-35,1,1
4163,Mujer,31,31-35,1,1
4164,Hombre,28,26-30,1,1
4165,Mujer,34,31-35,1,1
4166,Hombre,29,26-30,1,0
4167,Mujer,26,26-30,1,0
4168,Hombre,30,26-30,0,1
4169,Hombre,28,26-30,1,1
4170,Hombre,28,26-30,1,0
4171,Mujer,26,26-30,1,0
4172,Hombre,34,31-35,1,1
4173,Hombre,30,26-30,0,1
4174,Mujer,24,18-25,1,0
4175,Hombre,31,31-35,1,0
4176,Hombre,29,26-30,1,1
4177,Hombre,29,26-30,1,1
4178,Hombre,21,18-25,1,1
4179,Mujer,31,31-35,1,0
4180,Mujer,28,26-30,1,0
4181,Mujer,31,31-35,1,1
4182,Hombre,31,31-35,1,0
4183,Mujer,31,31-35,1,0
4184,Hombre,30,26-30,1,0
4185,Mujer,35,31-35,1,1
4186,Mujer,25,18-25,1,0
4187,Hombre,25,18-25,1,0
4188,Mujer,32,31-35,1,0
4189,Mujer,30,26-30,1,0
4190,Hombre,27,26-30,1,0
4191,Hombre,30,26-30,1,0
4192,Hombre,25,18-25,0,1
4193,Mujer,29,26-30,1,1
4194,Hombre,28,26-30,1,0
4195,Hombre,27,26-30,1,0
4196,Mujer,25,18-25,1,1
4197,Mujer,30,26-30,1,0
4198,Mujer,36,36-41,1,0
4199,Hombre,32,31-35,1,0
4200,Mujer,32,31-35,1,1
4201,Mujer,26,26-30,1,0
4202,Mujer,23,18-25,1,1
4203,Mujer,28,26-30,0,1
4204,Hombre,33,31-35,1,0
4205,Hombre,34,31-35,1,0
4206,Hombre,23,18-25,1,0
4207,Hombre,33,31-35,0,1
4208,Hombre,25,18-25,1,0
4209,Hombre,26,26-30,1,1
4210,Hombre,27,26-30,0,1
4211,Hombre,26,26-30,1,0
4212,Mujer,29,26-30,1,1
4213,Hombre,25,18-25,1,1
4214,Hombre,30,26-30,1,1
4215,Mujer,35,31-35,1,1
4216,Mujer,29,26-30,1,1
4217,Mujer,29,26-30,1,1
4218,Mujer,26,26-30,1,0
4219,Hombre,31,31-35,1,1
4220,Mujer,25,18-25,1,0
4221,Hombre,27,26-30,0,1
4222,Mujer,34,31-35,1,0
4223,Hombre,31,31-35,1,1
4224,Mujer,28,26-30,1,0
4225,Mujer,36,36-41,1,1
4226,Mujer,31,31-35,1,1
4227,Mujer,27,26-30,1,1
4228,Hombre,32,31-35,1,1
4229,Mujer,26,26-30,1,1
4230,Hombre,28,26-30,1,1
4231,Mujer,31,31-35,1,1
4232,Hombre,33,31-35,1,0
4233,Mujer,33,31-35,1,0
4234,Mujer,29,26-30,1,0
4235,Hombre,31,31-35,0,0
4236,Mujer,32,31-35,1,1
4237,Hombre,28,26-30,1,0
4238,Mujer,27,26-30,0,0
4239,Mujer,25,18-25,1,0
4240,Mujer,31,31-35,1,1
4241,Mujer,41,36-41,1,0
4242,Mujer,34,31-35,1,0
4243,Hombre,27,26-30,1,1
4244,Hombre,26,26-30,1,0
4245,Mujer,25,18-25,1,1
4246,Hombre,27,26-30,1,0
4247,Hombre,31,31-35,1,0
4248,Mujer,26,26-30,1,0
4249,Mujer,30,26-30,1,1
4250,Hombre,34,31-35,1,0
4251,Hombre,27,26-30,1,0
4252,Hombre,26,26-30,1,1
4253,Hombre,27,26-30,1,1
4254,Mujer,28,26-30,1,0
4255,Hombre,26,26-30,1,1
4256,Hombre,31,31-35,1,0
4257,Hombre,25,18-25,1,1
4258,Hombre,29,26-30,1,1
4259,Hombre,31,31-35,1,0
4260,Mujer,30,26-30,1,0
4261,Hombre,22,18-25,1,0
4262,Hombre,21,18-25,1,1
4263,Mujer,27,26-30,1,0
4264,Hombre,30,26-30,1,1
4265,Hombre,34,31-35,1,1
4266,Hombre,25,18-25,1,1
4267,Mujer,32,31-35,1,0
4268,Mujer,35,31-35,1,0
4269,Hombre,25,18-25,1,0
4270,Mujer,26,26-30,1,0
4271,Mujer,26,26-30,1,1
4272,Mujer,34,31-35,1,1
4273,Mujer,30,26-30,1,1
4274,Hombre,31,31-35,1,1
4275,Hombre,32,31-35,1,1
4276,Hombre,32,31-35,1,1
4277,Hombre,29,26-30,1,1
4278,Mujer,30,26-30,1,1
4279,Hombre,25,18-25,0,0
4280,Hombre,28,26-30,0,1
4281,Mujer,27,26-30,1,1
4282,Hombre,28,26-30,0,1
4283,Mujer,26,26-30,1,0
4284,Mujer,26,26-30,1,1
4285,Hombre,27,26-30,0,0
4286,Hombre,26,26-30,1,0
4287,Mujer,29,26-30,1,1
4288,Hombre,32,31-35,0,1
4289,Hombre,27,26-30,1,0
4290,Mujer,24,18-25,1,0
4291,Hombre,28,26-30,1,0
4292,Hombre,30,26-30,1,1
4293,Hombre,27,26-30,1,0
4294,Hombre,31,31-35,1,0
4295,Mujer,29,26-30,0,1
4296,Hombre,27,26-30,1,1
4297,Mujer,29,26-30,1,1
4298,Hombre,32,31-35,1,0
4299,Mujer,34,31-35,0,0
4300,Hombre,29,26-30,1,0
4301,Mujer,27,26-30,1,1
4302,Mujer,25,18-25,0,0
4303,Hombre,32,31-35,1,1
4304,Hombre,32,31-35,1,1
4305,Hombre,27,26-30,1,0
4306,Hombre,25,18-25,1,1
4307,Mujer,28,26-30,1,0
4308,Mujer,33,31-35,1,0
4309,Mujer,29,26-30,1,1
4310,Hombre,31,31-35,1,0
4311,Mujer,31,31-35,1,1
4312,Hombre,25,18-25,0,1
4313,Mujer,28,26-30,1,1
4314,Mujer,28,26-30,1,0
4315,Mujer,26,26-30,0,0
4316,Mujer,26,26-30,1,1
4317,Hombre,28,26-30,1,0
4318,Hombre,28,26-30,0,1
4319,Hombre,29,26-30,1,1
4320,Hombre,32,31-35,1,1
4321,Mujer,31,31-35,1,0
4322,Mujer,32,31-35,1,1
4323,Mujer,27,26-30,1,1
4324,Mujer,33,31-35,1,1
4325,Hombre,27,26-30,1,1
4326,Hombre,36,36-41,1,1
4327,Hombre,32,31-35,1,0
4328,Hombre,26,26-30,1,1
4329,Mujer,33,31-35,1,1
4330,Hombre,32,31-35,1,0
4331,Hombre,27,26-30,1,0
4332,Mujer,31,31-35,1,1
4333,Mujer,31,31-35,1,1
4334,Hombre,36,36-41,1,1
4335,Hombre,29,26-30,1,0
4336,Mujer,27,26-30,1,0
4337,Mujer,23,18-25,1,0
4338,Hombre,32,31-35,0,1
4339,Mujer,30,26-30,0,0
4340,Mujer,29,26-30,1,0
4341,Hombre,26,26-30,1,0
4342,Mujer,32,31-35,1,1
4343,Hombre,29,26-30,1,0
4344,Mujer,31,31-35,1,0
4345,Mujer,27,26-30,1,0
4346,Hombre,30,26-30,1,0
4347,Hombre,24,18-25,1,0
4348,Hombre,24,18-25,1,1
4349,Hombre,33,31-35,1,1
4350,Mujer,29,26-30,0,0
4351,Mujer,28,26-30,1,1
4352,Mujer,26,26-30,1,0
4353,Hombre,30,26-30,0,0
4354,Mujer,28,26-30,1,0
4355,Hombre,33,31-35,0,1
4356,Mujer,37,36-41,1,0
4357,Mujer,30,26-30,1,1
4358,Mujer,31,31-35,1,1
4359,Hombre,23,18-25,1,1
4360,Mujer,25,18-25,1,0
4361,Hombre,31,31-35,1,0
4362,Mujer,29,26-30,1,0
4363,Mujer,34,31-35,1,1
4364,Mujer,33,31-35,1,0
4365,Mujer,23,18-25,1,1
4366,Hombre,27,26-30,1,0
4367,Hombre,33,31-35,1,0
4368,Mujer,24,18-25,1,0
4369,Hombre,28,26-30,0,1
4370,Mujer,30,26-30,1,1
4371,Hombre,25,18-25,1,1
4372,Mujer,23,18-25,0,0
4373,Hombre,25,18-25,0,1
4374,Mujer,27,26-30,1,1
4375,Mujer,26,26-30,1,1
4376,Hombre,28,26-30,1,1
4377,Hombre,35,31-35,1,0
4378,Mujer,23,18-25,1,1
4379,Hombre,32,31-35,1,0
4380,Hombre,27,26-30,1,1
4381,Hombre,29,26-30,1,0
4382,Hombre,28,26-30,1,1
4383,Hombre,26,26-30,0,0
4384,Hombre,25,18-25,1,0
4385,Mujer,27,26-30,1,1
4386,Hombre,26,26-30,1,0
4387,Mujer,31,31-35,1,1
4388,Mujer,27,26-30,1,1
4389,Mujer,35,31-35,1,0
4390,Hombre,26,26-30,1,1
4391,Hombre,33,31-35,0,1
4392,Mujer,28,26-30,0,1
4393,Hombre,34,31-35,1,0
4394,Mujer,31,31-35,1,1
4395,Hombre,32,31-35,1,1
4396,Hombre,30,26-30,1,0
4397,Hombre,29,26-30,1,1
4398,Mujer,27,26-30,1,0
4399,Hombre,26,26-30,1,0
4400,Mujer,31,31-35,1,1
4401,Hombre,27,26-30,1,1
4402,Mujer,29,26-30,1,0
4403,Hombre,28,26-30,1,0
4404,Hombre,31,31-35,1,1
4405,Mujer,32,31-35,1,1
4406,Hombre,30,26-30,1,1
4407,Hombre,36,36-41,1,1
4408,Hombre,29,26-30,1,1
4409,Mujer,26,26-30,1,1
4410,Hombre,27,26-30,1,0
4411,Mujer,27,26-30,1,0
4412,Hombre,25,18-25,1,0
4413,Mujer,32,31-35,1,0
4414,Hombre,29,26-30,1,1
4415,Mujer,26,26-30,1,1
4416,Mujer,26,26-30,1,0
4417,Hombre,32,31-35,0,1
4418,Mujer,25,18-25,1,1
4419,Mujer,33,31-35,1,0
4420,Hombre,25,18-25,1,1
4421,Hombre,29,26-30,1,0
4422,Hombre,28,26-30,1,0
4423,Mujer,28,26-30,1,1
4424,Mujer,26,26-30,1,0
4425,Mujer,31,31-35,1,0
4426,Hombre,31,31-35,1,1
4427,Mujer,27,26-30,1,1
4428,Mujer,26,26-30,1,1
4429,Hombre,33,31-35,1,0
4430,Hombre,24,18-25,1,0
4431,Mujer,31,31-35,1,0
4432,Hombre,23,18-25,1,0
4433,Mujer,26,26-30,1,0
4434,Hombre,30,26-30,1,0
4435,Hombre,28,26-30,1,0
4436,Mujer,30,26-30,0,0
4437,Mujer,34,31-35,0,0
4438,Hombre,32,31-35,1,1
4439,Mujer,28,26-30,1,1
4440,Hombre,25,18-25,1,0
4441,Mujer,28,26-30,1,1
4442,Hombre,27,26-30,1,1
4443,Mujer,26,26-30,1,1
4444,Mujer,28,26-30,1,1
4445,Mujer,33,31-35,1,1
4446,Mujer,26,26-30,1,0
4447,Mujer,28,26-30,1,0
4448,Mujer,30,26-30,1,1
4449,Mujer,33,31-35,1,0
4450,Hombre,26,26-30,0,0
4451,Hombre,30,26-30,0,0
4452,Mujer,38,36-41,1,1
4453,Hombre,35,31-35,1,1
4454,Hombre,28,26-30,0,0
4455,Hombre,34,31-35,1,0
4456,Hombre,27,26-30,1,1
4457,Mujer,26,26-30,1,1
4458,Hombre,28,26-30,1,0
4459,Mujer,28,26-30,0,0
4460,Hombre,26,26-30,1,0
4461,Hombre,34,31-35,1,0
4462,Hombre,33,31-35,1,0
4463,Hombre,27,26-30,1,1
4464,Mujer,33,31-35,1,0
4465,Hombre,26,26-30,1,0
4466,Hombre,35,31-35,1,1
4467,Mujer,34,31-35,1,1
4468,Hombre,30,26-30,1,0
4469,Hombre,26,26-30,1,0
4470,Mujer,31,31-35,1,0
4471,Hombre,29,26-30,1,0
4472,Hombre,31,31-35,1,0
4473,Hombre,27,26-30,0,0
4474,Mujer,28,26-30,1,1
4475,Hombre,30,26-30,1,0
4476,Hombre,32,31-35,1,0
4477,Hombre,26,26-30,1,1
4478,Mujer,31,31-35,1,1
4479,Hombre,33,31-35,1,0
4480,Mujer,31,31-35,1,1
4481,Hombre,32,31-35,1,0
4482,Mujer,30,26-30,1,0
4483,Mujer,27,26-30,1,0
4484,Mujer,32,31-35,0,0
4485,Hombre,31,31-35,0,0
4486,Mujer,31,31-35,1,1
4487,Mujer,31,31-35,1,1
4488,Mujer,31,31-35,1,1
4489,Mujer,26,26-30,0,0
4490,Hombre,29,26-30,1,0
4491,Mujer,25,18-25,1,0
4492,Mujer,27,26-30,0,0
4493,Hombre,26,26-30,1,1
4494,Hombre,22,18-25,1,1
4495,Mujer,29,26-30,1,0
4496,Mujer,31,31-35,1,1
4497,Mujer,32,31-35,0,1
4498,Mujer,32,31-35,1,1
4499,Mujer,28,26-30,1,0
4500,Mujer,33,31-35,1,1
4501,Mujer,25,18-25,1,0
4502,Hombre,30,26-30,1,0
4503,Mujer,26,26-30,1,1
4504,Hombre,30,26-30,1,1
4505,Mujer,28,26-30,0,0
4506,Mujer,29,26-30,0,0
4507,Mujer,31,31-35,0,1
4508,Mujer,24,18-25,1,1
4509,Hombre,26,26-30,1,1
4510,Mujer,30,26-30,0,1
4511,Mujer,29,26-30,1,1
4512,Mujer,30,26-30,1,0
4513,Mujer,28,26-30,1,0
4514,Hombre,27,26-30,1,1
4515,Mujer,31,31-35,1,1
4516,Mujer,27,26-30,1,0
4517,Mujer,31,31-35,0,1
4518,Hombre,29,26-30,1,1
4519,Hombre,29,26-30,1,1
4520,Mujer,31,31-35,1,1
4521,Hombre,34,31-35,1,1
4522,Hombre,28,26-30,1,1
4523,Hombre,28,26-30,1,0
4524,Hombre,22,18-25,1,1
4525,Mujer,24,18-25,1,0
4526,Mujer,31,31-35,1,1
4527,Mujer,30,26-30,1,1
4528,Mujer,31,31-35,1,1
4529,Hombre,32,31-35,1,0
4530,Mujer,28,26-30,1,1
4531,Hombre,29,26-30,1,0
4532,Mujer,33,31-35,1,1
4533,Mujer,25,18-25,1,1
4534,Hombre,25,18-25,1,0
4535,Hombre,29,26-30,1,1
4536,Mujer,28,26-30,0,0
4537,Mujer,20,18-25,1,1
4538,Mujer,34,31-35,1,0
4539,Hombre,30,26-30,1,0
4540,Mujer,33,31-35,1,1
4541,Mujer,33,31-35,1,1
4542,Mujer,28,26-30,1,0
4543,Hombre,30,26-30,1,1
4544,Hombre,26,26-30,0,0
4545,Hombre,33,31-35,1,0
4546,Hombre,31,31-35,0,1
4547,Hombre,29,26-30,1,1
4548,Mujer,33,31-35,1,1
4549,Hombre,28,26-30,1,1
4550,Mujer,29,26-30,1,1
4551,Hombre,28,26-30,1,0
4552,Mujer,36,36-41,1,0
4553,Mujer,34,31-35,1,1
4554,Mujer,23,18-25,1,0
4555,Hombre,29,26-30,1,1
4556,Hombre,32,31-35,1,1
4557,Mujer,30,26-30,1,1
4558,Mujer,25,18-25,1,1
4559,Mujer,25,18-25,1,1
4560,Mujer,25,18-25,1,0
4561,Mujer,29,26-30,1,0
4562,Hombre,31,31-35,1,1
4563,Hombre,26,26-30,0,1
4564,Hombre,33,31-35,1,1
4565,Hombre,28,26-30,0,1
4566,Hombre,23,18-25,0,1
4567,Mujer,25,18-25,1,0
4568,Mujer,32,31-35,1,0
4569,Hombre,26,26-30,1,0
4570,Hombre,30,26-30,0,1
4571,Mujer,26,26-30,1,1
4572,Hombre,35,31-35,1,1
4573,Mujer,29,26-30,1,1
4574,Hombre,26,26-30,1,0
4575,Mujer,25,18-25,1,1
4576,Mujer,31,31-35,1,1
4577,Mujer,29,26-30,1,1
4578,Mujer,31,31-35,1,1
4579,Mujer,29,26-30,1,1
4580,Hombre,24,18-25,0,0
4581,Hombre,30,26-30,1,0
4582,Hombre,33,31-35,1,0
4583,Mujer,30,26-30,1,0
4584,Mujer,30,26-30,1,1
4585,Hombre,28,26-30,1,0
4586,Mujer,31,31-35,1,0
4587,Hombre,29,26-30,1,1
4588,Hombre,36,36-41,1,1
4589,Mujer,20,18-25,1,1
4590,Mujer,23,18-25,1,1
4591,Hombre,31,31-35,1,0
4592,Hombre,28,26-30,1,0
4593,Hombre,25,18-25,1,1
4594,Mujer,26,26-30,1,1
4595,Mujer,31,31-35,1,1
4596,Hombre,24,18-25,1,1
4597,Mujer,26,26-30,1,1
4598,Mujer,28,26-30,1,0
4599,Hombre,30,26-30,1,0
4600,Mujer,33,31-35,1,0
4601,Mujer,31,31-35,1,1
4602,Hombre,31,31-35,1,1
4603,Mujer,35,31-35,1,1
4604,Mujer,35,31-35,1,0
4605,Mujer,23,18-25,1,0
4606,Hombre,25,18-25,1,0
4607,Hombre,25,18-25,1,0
4608,Mujer,27,26-30,1,1
4609,Mujer,28,26-30,1,0
4610,Hombre,25,18-25,1,0
4611,Mujer,31,31-35,0,1
4612,Mujer,33,31-35,0,0
4613,Mujer,30,26-30,1,0
4614,Mujer,30,26-30,1,1
4615,Hombre,33,31-35,1,1
4616,Hombre,35,31-35,0,0
4617,Mujer,30,26-30,0,1
4618,Hombre,31,31-35,1,1
4619,Mujer,26,26-30,1,1
4620,Hombre,27,26-30,1,0
4621,Hombre,33,31-35,1,0
4622,Hombre,28,26-30,0,0
4623,Hombre,26,26-30,1,0
4624,Hombre,31,31-35,1,0
4625,Mujer,26,26-30,1,1
4626,Hombre,27,26-30,0,1
4627,Hombre,27,26-30,1,1
4628,Hombre,25,18-25,1,0
4629,Hombre,33,31-35,1,1
4630,Mujer,30,26-30,0,1
4631,Hombre,32,31-35,1,0
4632,Mujer,31,31-35,1,0
4633,Mujer,28,26-30,1,0
4634,Hombre,31,31-35,1,1
4635,Mujer,30,26-30,1,1
4636,Hombre,28,26-30,1,1
4637,Mujer,23,18-25,1,0
4638,Mujer,26,26-30,1,1
4639,Mujer,32,31-35,1,1
4640,Mujer,28,26-30,1,0
4641,Mujer,28,26-30,1,0
4642,Mujer,30,26-30,1,0
4643,Mujer,27,26-30,1,0
4644,Mujer,29,26-30,1,0
4645,Hombre,26,26-30,0,1
4646,Hombre,25,18-25,1,0
4647,Hombre,27,26-30,1,1
4648,Hombre,26,26-30,1,0
4649,Hombre,32,31-35,1,1
4650,Mujer,28,26-30,1,1
4651,Hombre,30,26-30,1,1
4652,Hombre,27,26-30,1,0
4653,Hombre,26,26-30,1,0
4654,Mujer,30,26-30,1,0
4655,Hombre,28,26-30,1,1
4656,Mujer,29,26-30,1,0
4657,Mujer,33,31-35,1,1
4658,Hombre,37,36-41,1,0
4659,Hombre,24,18-25,0,0
4660,Hombre,24,18-25,0,1
4661,Mujer,31,31-35,0,1
4662,Hombre,28,26-30,1,0
4663,Mujer,29,26-30,1,0
4664,Hombre,27,26-30,1,0
4665,Hombre,29,26-30,1,0
4666,Hombre,32,31-35,1,0
4667,Hombre,28,26-30,1,0
4668,Hombre,27,26-30,1,0
4669,Hombre,32,31-35,1,0
4670,Mujer,26,26-30,1,0
4671,Hombre,30,26-30,1,1
4672,Mujer,27,26-30,1,1
4673,Mujer,32,31-35,1,1
4674,Hombre,28,26-30,1,0
4675,Hombre,28,26-30,1,1
4676,Mujer,29,26-30,1,0
4677,Mujer,32,31-35,1,1
4678,Mujer,28,26-30,1,0
4679,Mujer,27,26-30,0,1
4680,Mujer,27,26-30,1,1
4681,Mujer,29,26-30,1,0
4682,Hombre,34,31-35,1,0
4683,Mujer,35,31-35,1,1
4684,Mujer,25,18-25,1,1
4685,Mujer,30,26-30,0,0
4686,Hombre,29,26-30,1,0
4687,Hombre,23,18-25,1,0
4688,Hombre,29,26-30,1,0
4689,Mujer,27,26-30,1,1
4690,Hombre,31,31-35,1,1
4691,Hombre,26,26-30,0,1
4692,Hombre,27,26-30,1,0
4693,Mujer,28,26-30,1,0
4694,Mujer,27,26-30,0,1
4695,Mujer,30,26-30,1,0
4696,Hombre,29,26-30,1,1
4697,Mujer,30,26-30,1,0
4698,Mujer,31,31-35,1,0
4699,Mujer,33,31-35,1,0
4700,Mujer,31,31-35,0,0
4701,Mujer,30,26-30,1,0
4702,Mujer,28,26-30,1,1
4703,Mujer,30,26-30,1,1
4704,Mujer,35,31-35,1,1
4705,Hombre,33,31-35,1,0
4706,Mujer,29,26-30,1,0
4707,Hombre,29,26-30,1,1
4708,Hombre,33,31-35,1,0
4709,Mujer,33,31-35,1,1
4710,Hombre,28,26-30,1,0
4711,Hombre,20,18-25,1,0
4712,Hombre,34,31-35,0,1
4713,Hombre,31,31-35,1,0
4714,Hombre,29,26-30,0,0
4715,Mujer,23,18-25,1,0
4716,Mujer,31,31-35,1,1
4717,Hombre,27,26-30,1,0
4718,Hombre,33,31-35,0,1
4719,Mujer,32,31-35,1,0
4720,Hombre,25,18-25,1,0
4721,Mujer,24,18-25,1,0
4722,Hombre,28,26-30,1,0
4723,Mujer,25,18-25,0,1
4724,Mujer,34,31-35,1,1
4725,Mujer,36,36-41,1,1
4726,Hombre,32,31-35,1,1
4727,Mujer,34,31-35,1,1
4728,Hombre,25,18-25,1,1
4729,Hombre,24,18-25,1,1
4730,Mujer,32,31-35,1,1
4731,Hombre,26,26-30,1,0
4732,Hombre,29,26-30,1,0
4733,Mujer,33,31-35,0,0
4734,Mujer,29,26-30,1,1
4735,Mujer,31,31-35,0,1
4736,Hombre,37,36-41,1,0
4737,Hombre,29,26-30,1,1
4738,Mujer,32,31-35,1,0
4739,Mujer,30,26-30,1,1
4740,Hombre,27,26-30,1,0
4741,Mujer,27,26-30,1,0
4742,Hombre,35,31-35,1,0
4743,Mujer,31,31-35,1,1
4744,Hombre,29,26-30,1,0
4745,Hombre,31,31-35,1,0
4746,Mujer,28,26-30,1,0
4747,Hombre,32,31-35,1,0
4748,Hombre,31,31-35,1,1
4749,Mujer,31,31-35,1,1
4750,Mujer,32,31-35,1,1
4751,Hombre,29,26-30,1,0
4752,Hombre,32,31-35,1,0
4753,Hombre,30,26-30,1,1
4754,Mujer,30,26-30,1,0
4755,Mujer,31,31-35,1,0
4756,Hombre,31,31-35,1,1
4757,Hombre,34,31-35,1,0
4758,Mujer,30,26-30,1,1
4759,Mujer,29,26-30,0,1
4760,Mujer,28,26-30,1,0
4761,Hombre,29,26-30,1,0
4762,Mujer,25,18-25,1,0
4763,Hombre,36,36-41,1,0
4764,Mujer,31,31-35,1,1
4765,Mujer,31,31-35,1,1
4766,Hombre,28,26-30,1,0
4767,Hombre,31,31-35,1,1
4768,Hombre,30,26-30,1,0
4769,Mujer,35,31-35,1,0
4770,Mujer,31,31-35,1,1
4771,Mujer,29,26-30,1,1
4772,Mujer,25,18-25,0,0
4773,Mujer,30,26-30,1,1
4774,Hombre,27,26-30,1,0
4775,Mujer,32,31-35,1,1
4776,Mujer,27,26-30,1,1
4777,Hombre,27,26-30,1,0
4778,Hombre,30,26-30,1,1
4779,Hombre,29,26-30,1,1
4780,Mujer,25,18-25,1,1
4781,Hombre,25,18-25,1,1
4782,Hombre,38,36-41,1,1
4783,Hombre,30,26-30,0,1
4784,Hombre,35,31-35,1,1
4785,Hombre,32,31-35,1,0
4786,Mujer,26,26-30,1,0
4787,Hombre,24,18-25,1,1
4788,Hombre,28,26-30,1,1
4789,Hombre,33,31-35,0,0
4790,Hombre,29,26-30,1,0
4791,Mujer,24,18-25,1,0
4792,Hombre,34,31-35,1,1
4793,Mujer,27,26-30,1,1
4794,Mujer,30,26-30,1,0
4795,Mujer,33,31-35,1,0
4796,Hombre,28,26-30,1,0
4797,Mujer,21,18-25,1,1
4798,Hombre,26,26-30,1,0
4799,Hombre,31,31-35,1,1
4800,Hombre,31,31-35,0,0
4801,Hombre,26,26-30,1,1
4802,Hombre,31,31-35,1,1
4803,Hombre,30,26-30,1,1
4804,Mujer,25,18-25,1,0
4805,Hombre,36,36-41,1,1
4806,Mujer,28,26-30,0,1
4807,Mujer,26,26-30,1,0
4808,Hombre,35,31-35,1,0
4809,Mujer,27,26-30,1,1
4810,Hombre,31,31-35,0,0
4811,Hombre,33,31-35,1,1
4812,Hombre,30,26-30,1,1
4813,Mujer,35,31-35,1,1
4814,Mujer,29,26-30,1,1
4815,Mujer,31,31-35,1,0
4816,Mujer,29,26-30,1,1
4817,Mujer,29,26-30,1,1
4818,Hombre,30,26-30,1,1
4819,Mujer,31,31-35,1,0
4820,Mujer,33,31-35,1,1
4821,Hombre,31,31-35,1,1
4822,Mujer,27,26-30,1,0
4823,Hombre,33,31-35,1,1
4824,Mujer,30,26-30,0,0
4825,Hombre,33,31-35,1,1
4826,Hombre,28,26-30,1,0
4827,Hombre,30,26-30,1,0
4828,Mujer,25,18-25,0,0
4829,Mujer,28,26-30,0,1
4830,Hombre,25,18-25,1,0
4831,Hombre,29,26-30,1,1
4832,Mujer,30,26-30,1,1
4833,Mujer,22,18-25,1,0
4834,Mujer,29,26-30,1,1
4835,Hombre,27,26-30,1,0
4836,Hombre,34,31-35,1,1
4837,Mujer,30,26-30,0,1
4838,Mujer,26,26-30,1,1
4839,Hombre,28,26-30,0,0
4840,Hombre,32,31-35,1,1
4841,Mujer,29,26-30,1,1
4842,Hombre,34,31-35,0,0
4843,Hombre,27,26-30,0,1
4844,Mujer,29,26-30,1,1
4845,Mujer,33,31-35,0,0
4846,Hombre,29,26-30,0,0
4847,Hombre,36,36-41,1,0
4848,Mujer,29,26-30,1,1
4849,Hombre,28,26-30,1,1
4850,Mujer,30,26-30,1,0
4851,Hombre,27,26-30,1,1
4852,Hombre,27,26-30,1,0
4853,Hombre,24,18-25,1,1
4854,Hombre,31,31-35,0,1
4855,Mujer,25,18-25,1,0
4856,Hombre,28,26-30,1,1
4857,Hombre,31,31-35,1,1
4858,Hombre,32,31-35,1,1
4859,Hombre,36,36-41,1,0
4860,Hombre,24,18-25,1,0
4861,Hombre,26,26-30,1,0
4862,Mujer,29,26-30,1,0
4863,Hombre,28,26-30,1,0
4864,Hombre,27,26-30,1,1
4865,Hombre,29,26-30,1,1
4866,Hombre,29,26-30,1,1
4867,Mujer,34,31-35,1,0
4868,Hombre,25,18-25,0,0
4869,Hombre,22,18-25,1,0
4870,Mujer,30,26-30,1,1
4871,Mujer,24,18-25,1,0
4872,Mujer,31,31-35,1,1
4873,Hombre,33,31-35,1,1
4874,Mujer,30,26-30,0,0
4875,Hombre,29,26-30,1,1
4876,Mujer,27,26-30,1,0
4877,Mujer,27,26-30,1,0
4878,Hombre,33,31-35,1,0
4879,Hombre,31,31-35,1,0
4880,Mujer,34,31-35,1,1
4881,Mujer,25,18-25,1,0
4882,Mujer,26,26-30,1,1
4883,Hombre,26,26-30,1,0
4884,Hombre,31,31-35,1,1
4885,Mujer,28,26-30,1,0
4886,Hombre,28,26-30,0,0
4887,Hombre,26,26-30,1,1
4888,Hombre,23,18-25,0,1
4889,Mujer,31,31-35,1,0
4890,Hombre,26,26-30,1,1
4891,Hombre,35,31-35,1,1
4892,Mujer,26,26-30,1,1
4893,Hombre,26,26-30,1,1
4894,Mujer,25,18-25,1,0
4895,Hombre,32,31-35,1,0
4896,Hombre,30,26-30,1,0
4897,Mujer,26,26-30,1,1
4898,Hombre,32,31-35,1,1
4899,Hombre,30,26-30,1,1
4900,Mujer,30,26-30,0,1
4901,Mujer,26,26-30,1,0
4902,Mujer,32,31-35,0,0
4903,Mujer,32,31-35,0,1
4904,Hombre,26,26-30,1,0
4905,Hombre,32,31-35,0,1
4906,Hombre,32,31-35,1,1
4907,Hombre,30,26-30,1,0
4908,Hombre,29,26-30,1,1
4909,Hombre,21,18-25,1,0
4910,Hombre,34,31-35,1,1
4911,Mujer,31,31-35,1,0
4912,Mujer,24,18-25,1,0
4913,Hombre,29,26-30,1,1
4914,Hombre,34,31-35,1,0
4915,Mujer,30,26-30,1,1
4916,Hombre,30,26-30,1,1
4917,Hombre,28,26-30,1,0
4918,Hombre,33,31-35,1,1
4919,Mujer,23,18-25,0,0
4920,Mujer,33,31-35,1,1
4921,Hombre,27,26-30,1,1
4922,Mujer,25,18-25,1,0
4923,Mujer,32,31-35,1,0
4924,Hombre,32,31-35,1,1
4925,Hombre,31,31-35,1,1
4926,Hombre,31,31-35,0,0
4927,Mujer,33,31-35,1,0
4928,Hombre,28,26-30,1,1
4929,Mujer,30,26-30,1,1
4930,Mujer,27,26-30,1,0
4931,Hombre,27,26-30,1,1
4932,Hombre,32,31-35,1,1
4933,Hombre,34,31-35,1,0
4934,Hombre,28,26-30,1,0
4935,Mujer,32,31-35,1,1
4936,Mujer,33,31-35,1,1
4937,Hombre,33,31-35,1,1
4938,Mujer,30,26-30,1,1
4939,Mujer,29,26-30,1,0
4940,Mujer,27,26-30,1,0
4941,Hombre,31,31-35,1,0
4942,Mujer,27,26-30,0,1
4943,Mujer,28,26-30,1,0
4944,Mujer,28,26-30,0,0
4945,Hombre,39,36-41,1,0
4946,Mujer,31,31-35,1,0
4947,Mujer,30,26-30,1,0
4948,Mujer,29,26-30,0,1
4949,Mujer,29,26-30,1,1
4950,Hombre,27,26-30,0,1
4951,Mujer,25,18-25,1,0
4952,Hombre,30,26-30,1,0
4953,Mujer,29,26-30,1,1
4954,Mujer,33,31-35,0,1
4955,Mujer,29,26-30,0,1
4956,Hombre,28,26-30,1,0
4957,Mujer,34,31-35,1,0
4958,Hombre,27,26-30,0,1
4959,Hombre,30,26-30,1,1
4960,Mujer,26,26-30,1,0
4961,Hombre,28,26-30,1,1
4962,Hombre,32,31-35,1,0
4963,Hombre,29,26-30,0,1
4964,Mujer,32,31-35,1,0
4965,Mujer,25,18-25,1,0
4966,Mujer,34,31-35,1,0
4967,Hombre,30,26-30,1,0
4968,Hombre,27,26-30,1,0
4969,Hombre,34,31-35,1,1
4970,Mujer,30,26-30,1,0
4971,Mujer,30,26-30,1,1
4972,Hombre,27,26-30,1,0
4973,Hombre,32,31-35,1,1
4974,Hombre,30,26-30,1,0
4975,Mujer,28,26-30,0,0
4976,Mujer,23,18-25,1,0
4977,Hombre,28,26-30,1,0
4978,Hombre,29,26-30,1,0
4979,Hombre,32,31-35,1,0
4980,Hombre,31,31-35,1,0
4981,Hombre,28,26-30,1,0
4982,Hombre,31,31-35,1,0
4983,Hombre,24,18-25,1,0
4984,Hombre,31,31-35,1,0
4985,Hombre,22,18-25,1,0
4986,Mujer,29,26-30,1,1
4987,Mujer,34,31-35,1,1
4988,Hombre,33,31-35,1,1
4989,Mujer,25,18-25,1,0
4990,Mujer,30,26-30,1,1
4991,Hombre,33,31-35,0,1
4992,Hombre,33,31-35,0,1
4993,Mujer,31,31-35,1,1
4994,Mujer,33,31-35,1,1
4995,Hombre,26,26-30,1,0
4996,Hombre,33,31-35,1,1
4997,Mujer,29,26-30,1,0
4998,Hombre,28,26-30,1,1
4999,Mujer,32,31-35,1,1
5000,Hombre,30,26-30,0,1
